Location ,Lat,Long,Year,Max,,
"Abisko area, Sweden   ",68.33333,18.83333,1978,85,,
"Abisko area, Sweden   ",68.33333,18.83333,1979,111,,
"Abisko area, Sweden   ",68.33333,18.83333,1980,121,,
"Abisko area, Sweden   ",68.33333,18.83333,1981,95,,
"Abisko area, Sweden   ",68.33333,18.83333,1982,90,,
"Abisko area, Sweden   ",68.33333,18.83333,1983,95,,
"Abisko area, Sweden   ",68.33333,18.83333,1984,96,,
"Abisko area, Sweden   ",68.33333,18.83333,1985,109,,
"Abisko area, Sweden   ",68.33333,18.83333,1986,115,,
"Abisko area, Sweden   ",68.33333,18.83333,1987,98,,
"Abisko area, Sweden   ",68.33333,18.83333,1988,112,,
"Abisko area, Sweden   ",68.33333,18.83333,1989,109,,
"Abisko area, Sweden   ",68.33333,18.83333,1990,118,,
"Abisko area, Sweden   ",68.33333,18.83333,1991,109,,
"Abisko area, Sweden   ",68.33333,18.83333,1992,99,,
"Abisko area, Sweden   ",68.33333,18.83333,1993,96,,
"Abisko area, Sweden   ",68.33333,18.83333,1994,98,,
"Abisko area, Sweden   ",68.33333,18.83333,1995,97,,
"Abisko area, Sweden   ",68.33333,18.83333,1996,103,,
"Abisko area, Sweden   ",68.33333,18.83333,1997,110,,
"Abisko area, Sweden   ",68.33333,18.83333,1998,128,,
"Abisko area, Sweden   ",68.33333,18.83333,1999,105,,
"Abisko area, Sweden   ",68.33333,18.83333,2000,125.7,,
"Abisko area, Sweden   ",68.33333,18.83333,2001,127.5,,
"Abisko area, Sweden   ",68.33333,18.83333,2002,129.5,,
"Abisko area, Sweden   ",68.33333,18.83333,2003,82.25,,
"Abisko area, Sweden   ",68.33333,18.83333,2004,85,,
"Abisko area, Sweden   ",68.33333,18.83333,2005,83,,
"Abisko area, Sweden   ",68.33333,18.83333,2006,85,,
"Abisko area, Sweden   ",68.33333,18.83333,2007,131,,
"Abisko area, Sweden   ",68.33333,18.83333,2008,130,,
"Abisko area, Sweden   ",68.33333,18.83333,2009,81.83,,
"Abisko area, Sweden   ",68.33333,18.83333,2010,80,,
"Abisko area, Sweden   ",68.33333,18.83333,2011,132,,
"Abisko area, Sweden   ",68.33333,18.83333,2012,73,,
"Abisko area, Sweden   ",68.33333,18.83333,2013,80,,
"Abisko area, Sweden   ",68.33333,18.83333,2014,110,,
"Abisko area, Sweden   ",68.33333,18.83333,2015,122,,
"Abisko area, Sweden   ",68.33333,18.83333,2016,132,,
"Abisko area, Sweden   ",68.33333,18.83333,2017,142,,
"Abisko area, Sweden   ",68.33333,18.83333,2018,146,,
"Abisko area, Sweden   ",68.33333,18.83333,2019,150,,
"Abisko area, Sweden   ",68.33333,18.83333,2020,150,,
"Abisko area, Sweden   ",68.33333,18.83333,2021,150,,
"Abisko area, Sweden   ",68.33333,18.83333,2022,115,,
"Abisko area, Sweden   ",68.33333,18.83333,2023,120,,
Akhmelo channel; Kolyma,68.81667,161,1996,67,,
Akhmelo channel; Kolyma,68.81667,161,1997,,,
Akhmelo channel; Kolyma,68.81667,161,1998,83,,
Akhmelo channel; Kolyma,68.81667,161,1999,,,
Akhmelo channel; Kolyma,68.81667,161,2000,69,,
Akhmelo channel; Kolyma,68.81667,161,2001,73,,
Akhmelo channel; Kolyma,68.81667,161,2002,67,,
Akhmelo channel; Kolyma,68.81667,161,2003,91,,
Akhmelo channel; Kolyma,68.81667,161,2004,81,,
Akhmelo channel; Kolyma,68.81667,161,2005,75,,
Akhmelo channel; Kolyma,68.81667,161,2006,97,,
Akhmelo channel; Kolyma,68.81667,161,2007,100,,
Akhmelo channel; Kolyma,68.81667,161,2008,96,,
Akhmelo channel; Kolyma,68.81667,161,2009,73,,
Akhmelo channel; Kolyma,68.81667,161,2010,77,,
Akhmelo channel; Kolyma,68.81667,161,2011,90,,
Akhmelo channel; Kolyma,68.81667,161,2012,73,,
Akhmelo channel; Kolyma,68.81667,161,2013,77,,
Akhmelo channel; Kolyma,68.81667,161,2014,78,,
Akhmelo channel; Kolyma,68.81667,161,2015,83,,
Akhmelo channel; Kolyma,68.81667,161,2016,81,,
Akhmelo channel; Kolyma,68.81667,161,2017,68,,
Akhmelo channel; Kolyma,68.81667,161,2018,80,,
Akhmelo channel; Kolyma,68.81667,161,2019,61,,
Akhmelo channel; Kolyma,68.81667,161,2020,61,,
Akhmelo channel; Kolyma,68.81667,161,2021,80,,
Akhmelo channel; Kolyma,68.81667,161,2022,92,,
Akhmelo channel; Kolyma,68.81667,161,2023,73,,
Alazeya River ,69.31667,154.9833,1998,80,,
Alazeya River ,69.31667,154.9833,1999,75,,
Alazeya River ,69.31667,154.9833,2000,,,
Alazeya River ,69.31667,154.9833,2001,,,
Alazeya River ,69.31667,154.9833,2002,70,,
Alazeya River ,69.31667,154.9833,2003,,,
Alazeya River ,69.31667,154.9833,2004,77,,
Alazeya River ,69.31667,154.9833,2005,80,,
Alazeya River ,69.31667,154.9833,2006,,,
Alazeya River ,69.31667,154.9833,2007,85,,
Alazeya River ,69.31667,154.9833,2008,80,,
Alazeya River ,69.31667,154.9833,2009,73.4,,
Alazeya River ,69.31667,154.9833,2010,78.6,,
Alazeya River ,69.31667,154.9833,2011,87,,
Alazeya River ,69.31667,154.9833,2012,82.4,,
Alazeya River ,69.31667,154.9833,2013,75,,
Alazeya River ,69.31667,154.9833,2014,64,,
Alazeya River ,69.31667,154.9833,2015,75,,
Alazeya River ,69.31667,154.9833,2016,73,,
Alazeya River ,69.31667,154.9833,2017,72.4,,
Alazeya River ,69.31667,154.9833,2018,73,,
Alazeya River ,69.31667,154.9833,2019,76,,
Alazeya River ,69.31667,154.9833,2020,61.53,,
Alazeya River ,69.31667,154.9833,2021,81,,
Alazeya River ,69.31667,154.9833,2022,85,,
Alazeya River ,69.31667,154.9833,2023,76,,
Alexandria_Fiord,"	78.5400000",-75.55,1996,65,,
Alexandria_Fiord,"	78.5400000",-75.55,1997,,,
Alexandria_Fiord,"	78.5400000",-75.55,1998,,,
Alexandria_Fiord,"	78.5400000",-75.55,1999,69,,
Alexandria_Fiord,"	78.5400000",-75.55,2000,83.5,,
Alexandria_Fiord,"	78.5400000",-75.55,2001,82,,
Allaiha (Indigirka basin),70.55,147.4333,2004,64,,
Allaiha (Indigirka basin),70.55,147.4333,2005,65,,
Allaiha (Indigirka basin),70.55,147.4333,2006,65,,
Allaiha (Indigirka basin),70.55,147.4333,2007,77,,
Allaiha (Indigirka basin),70.55,147.4333,2008,69,,
Allaiha (Indigirka basin),70.55,147.4333,2009,69,,
Allaiha (Indigirka basin),70.55,147.4333,2010,71,,
Allaiha (Indigirka basin),70.55,147.4333,2011,70,,
Allaiha (Indigirka basin),70.55,147.4333,2012,76,,
Allaiha (Indigirka basin),70.55,147.4333,2013,70,,
Allaiha (Indigirka basin),70.55,147.4333,2014,64.6,,
Allaiha (Indigirka basin),70.55,147.4333,2015,66,,
Allaiha (Indigirka basin),70.55,147.4333,2016,74,,
Allaiha (Indigirka basin),70.55,147.4333,2017,63,,
Allaiha (Indigirka basin),70.55,147.4333,2018,65,,
Allaiha (Indigirka basin),70.55,147.4333,2021,70,,
"Allaiha (Indigirka basin, alas)",70.56667,147.4167,2014,62,,
"Allaiha (Indigirka basin, alas)",70.56667,147.4167,2015,59,,
"Allaiha (Indigirka basin, alas)",70.56667,147.4167,2016,73,,
"Allaiha (Indigirka basin, alas)",70.56667,147.4167,2017,66,,
"Allaiha (Indigirka basin, alas)",70.56667,147.4167,2018,57,,
Allakaket,66.54491,-152.64539,2010,83,,
Allakaket,66.54491,-152.64539,2011,90,,
Allakaket,66.54491,-152.64539,2012,90,,
Allakaket,66.54491,-152.64539,2013,80,,
Allakaket,66.54491,-152.64539,2014,80,,
Andryushkino,69.1666667,154.4333,2005,77,,
Andryushkino,69.1666667,154.4333,2006,70,,
Andryushkino,69.1666667,154.4333,2007,81,,
Andryushkino,69.1666667,154.4333,2008,65.2,,
Andryushkino,69.1666667,154.4333,2009,73.4,,
Andryushkino,69.1666667,154.4333,2010,66,,
Andryushkino,69.1666667,154.4333,2011,80.8,,
Andryushkino,69.1666667,154.4333,2012,78.6,,
Andryushkino,69.1666667,154.4333,2013,70.8,,
Andryushkino,69.1666667,154.4333,2014,66.4,,
Andryushkino,69.1666667,154.4333,2015,71.8,,
Andryushkino,69.1666667,154.4333,2016,65,,
Andryushkino,69.1666667,154.4333,2017,66.6,,
Andryushkino,69.1666667,154.4333,2018,71,,
Andryushkino,69.1666667,154.4333,2019,72,,
Andryushkino,69.1666667,154.4333,2020,68.4,,
Andryushkino,69.1666667,154.4333,2021,80,,
Andryushkino,69.1666667,154.4333,2022,76,,
Andryushkino,69.1666667,154.4333,2023,72,,
ArcticVillage,68.13013,-145.54007,2010,100,,
ArcticVillage,68.13013,-145.54007,2011,100,,
ArcticVillage,68.13013,-145.54007,2012,100,,
ArcticVillage,68.13013,-145.54007,2013,100,,
ArcticVillage,68.13013,-145.54007,2014,100,,
ArcticVillage,68.13013,-145.54007,2016,94,,
Atkasuk,70.45,-157.4,1995,100,,
Atkasuk,70.45,-157.4,1996,119,,
Atkasuk,70.45,-157.4,1997,106.5,,
Atkasuk,70.45,-157.4,1998,123.5,,
Atkasuk,70.45,-157.4,1999,100,,
Atkasuk,70.45,-157.4,2000,115,,
Atkasuk,70.45,-157.4,2001,103.5,,
Atkasuk,70.45,-157.4,2002,98.5,,
Atkasuk,70.45,-157.4,2003,90,,
Atkasuk,70.45,-157.4,2004,133.5,,
Atkasuk,70.45,-157.4,2005,103.5,,
Atkasuk,70.45,-157.4,2006,110.5,,
Atkasuk,70.45,-157.4,2007,100,,
Atkasuk,70.45,-157.4,2008,120,,
Atkasuk,70.45,-157.4,2009,127,,
Atkasuk,70.45,-157.4,2010,120.5,,
Atkasuk,70.45,-157.4,2011,119.5,,
Atkasuk,70.45,-157.4,2012,120.5,,
Atkasuk,70.45,-157.4,2013,122,,
Atkasuk,70.45,-157.4,2014,117.5,,
Atkasuk,70.45,-157.4,2015,127,,
Atkasuk,70.45,-157.4,2016,188,,
Atkasuk,70.45,-157.4,2017,123.5,,
Atkasuk,70.45,-157.4,2018,113,,
Atkasuk,70.45,-157.4,2019,130,,
Atkasuk,70.45,-157.4,2020,120,,
Atkasuk,70.45,-157.4,2021,106.5,,
Atkasuk,70.45,-157.4,2022,107.5,,
Atkasuk,70.45,-157.4,2023,111.5,,
Ayach_Yakha_Vorkuta,67.58333,64.18333,1996,100,,
Ayach_Yakha_Vorkuta,67.58333,64.18333,1997,102,,
Ayach_Yakha_Vorkuta,67.58333,64.18333,1998,99.75,,
Ayach_Yakha_Vorkuta,67.58333,64.18333,1999,103.75,,
Ayach_Yakha_Vorkuta,67.58333,64.18333,2000,100.5,,
Ayach_Yakha_Vorkuta,67.58333,64.18333,2001,107.75,,
Ayach_Yakha_Vorkuta,67.58333,64.18333,2002,108.75,,
Ayach_Yakha_Vorkuta,67.58333,64.18333,2003,107.25,,
Ayach_Yakha_Vorkuta,67.58333,64.18333,2004,106.25,,
Ayach_Yakha_Vorkuta,67.58333,64.18333,2005,109,,
Ayach_Yakha_Vorkuta,67.58333,64.18333,2006,116.5,,
Ayach_Yakha_Vorkuta,67.58333,64.18333,2007,135,,
Ayach_Yakha_Vorkuta,67.58333,64.18333,2008,118,,
Ayach_Yakha_Vorkuta,67.58333,64.18333,2009,115,,
Ayach_Yakha_Vorkuta,67.58333,64.18333,2010,130,,
Ayach_Yakha_Vorkuta,67.58333,64.18333,2011,118,,
Ayach_Yakha_Vorkuta,67.58333,64.18333,2012,128,,
Ayach_Yakha_Vorkuta,67.58333,64.18333,2013,130,,
Ayach_Yakha_Vorkuta,67.58333,64.18333,2014,130,,
Ayach_Yakha_Vorkuta,67.58333,64.18333,2015,130,,
Ayach_Yakha_Vorkuta,67.58333,64.18333,2016,130,,
Ayach_Yakha_Vorkuta,67.58333,64.18333,2017,128,,
Ayach_Yakha_Vorkuta,67.58333,64.18333,2018,130,,
Ayach_Yakha_Vorkuta,67.58333,64.18333,2019,130,,
Ayach_Yakha_Vorkuta,67.58333,64.18333,2020,130,,
Ayach_Yakha_Vorkuta,67.58333,64.18333,2021,147,,
Ayach_Yakha_Vorkuta,67.58333,64.18333,2022,144,,
Ayach_Yakha_Vorkuta,67.58333,64.18333,2023,150,,
Barrow,71.31667,-156.6,1962,64,,
Barrow,71.31667,-156.6,1963,65,,
Barrow,71.31667,-156.6,1964,66,,
Barrow,71.31667,-156.6,1965,71,,
Barrow,71.31667,-156.6,1966,70,,
Barrow,71.31667,-156.6,1968,91,,
Barrow,71.31667,-156.6,1970,56,,
Barrow,71.31667,-156.6,1991,52,,
Barrow,71.31667,-156.6,1992,57,,
Barrow,71.31667,-156.6,1993,60,,
Barrow,71.31667,-156.6,1994,55,,
Barrow,71.31667,-156.6,1995,62,,
Barrow,71.31667,-156.6,1996,65,,
Barrow,71.31667,-156.6,1997,64,,
Barrow,71.31667,-156.6,1998,81,,
Barrow,71.31667,-156.6,1999,65,,
Barrow,71.31667,-156.6,2000,59,,
Barrow,71.31667,-156.6,2001,55,,
Barrow,71.31667,-156.6,2002,60,,
Barrow,71.31667,-156.6,2003,61,,
Barrow,71.31667,-156.6,2004,67,,
Barrow,71.31667,-156.6,2005,63,,
Barrow,71.31667,-156.6,2006,62,,
Barrow,71.31667,-156.6,2007,70,,
Barrow,71.31667,-156.6,2008,79,,
Barrow,71.31667,-156.6,2009,59,,
Barrow,71.31667,-156.6,2010,67,,
Barrow,71.31667,-156.6,2011,65,,
Barrow,71.31667,-156.6,2012,66,,
Barrow,71.31667,-156.6,2013,64,,
Barrow,71.31667,-156.6,2014,61,,
Barrow,71.31667,-156.6,2015,65,,
Barrow,71.31667,-156.6,2016,74,,
Barrow,71.31667,-156.6,2017,65,,
Barrow,71.31667,-156.6,2018,58,,
Barrow,71.31667,-156.6,2019,68,,
Barrow,71.31667,-156.6,2020,65,,
Barrow,71.31667,-156.6,2021,58,,
Barrow,71.31667,-156.6,2022,50,,
Barrow,71.31667,-156.6,2023,80,,
Beaver_Creek,62.3377,-140.83835,2010,61,,
Beaver_Creek,62.3377,-140.83835,2011,69,,
Beaver_Creek,62.3377,-140.83835,2012,62,,
Beaver_Creek,62.3377,-140.83835,2013,85,,
Beaver_Creek,62.3377,-140.83835,2014,85,,
BettyPingo,70.28333,-148.8667,1995,103,,
BettyPingo,70.28333,-148.8667,1996,100,,
BettyPingo,70.28333,-148.8667,1997,100,,
BettyPingo,70.28333,-148.8667,1998,125,,
BettyPingo,70.28333,-148.8667,1999,93.5,,
BettyPingo,70.28333,-148.8667,2000,91,,
BettyPingo,70.28333,-148.8667,2001,109,,
BettyPingo,70.28333,-148.8667,2002,100,,
BettyPingo,70.28333,-148.8667,2003,100,,
BettyPingo,70.28333,-148.8667,2004,100,,
BettyPingo,70.28333,-148.8667,2005,100,,
BettyPingo,70.28333,-148.8667,2006,122,,
BettyPingo,70.28333,-148.8667,2007,100,,
BettyPingo,70.28333,-148.8667,2008,112,,
BettyPingo,70.28333,-148.8667,2009,100,,
BettyPingo,70.28333,-148.8667,2010,108.5,,
BettyPingo,70.28333,-148.8667,2011,122,,
BettyPingo,70.28333,-148.8667,2012,115.5,,
BettyPingo,70.28333,-148.8667,2013,124,,
BettyPingo,70.28333,-148.8667,2014,100.5,,
BettyPingo,70.28333,-148.8667,2015,119,,
BettyPingo,70.28333,-148.8667,2016,123,,
BettyPingo,70.28333,-148.8667,2017,116,,
BettyPingo,70.28333,-148.8667,2018,101,,
BettyPingo,70.28333,-148.8667,2019,119,,
BettyPingo,70.28333,-148.8667,2021,101.5,,
BettyPingo,70.28333,-148.8667,2022,92,,
BettyPingo,70.28333,-148.8667,2023,110,,
BettyPingo-B,70.2835,-148.8928,1995,74.00,,
BettyPingo-B,70.2835,-148.8928,1996,70.00,,
BettyPingo-B,70.2835,-148.8928,1997,65.00,,
BettyPingo-B,70.2835,-148.8928,1998,78.00,,
BettyPingo-B,70.2835,-148.8928,1999,72.00,,
BettyPingo-B,70.2835,-148.8928,2000,68.00,,
BettyPingo-B,70.2835,-148.8928,2001,65.00,,
BettyPingo-B,70.2835,-148.8928,2002,65.00,,
BettyPingo-B,70.2835,-148.8928,2003,64.00,,
BettyPingo-B,70.2835,-148.8928,2004,72.00,,
BettyPingo-B,70.2835,-148.8928,2005,68.00,,
BettyPingo-B,70.2835,-148.8928,2006,72.00,,
BettyPingo-B,70.2835,-148.8928,2007,64.00,,
BettyPingo-B,70.2835,-148.8928,2008,53.00,,
BettyPingo-B,70.2835,-148.8928,2009,64.00,,
BettyPingo-B,70.2835,-148.8928,2010,68.00,,
BettyPingo-B,70.2835,-148.8928,2011,59.00,,
BettyPingo-B,70.2835,-148.8928,2012,63.00,,
BettyPingo-B,70.2835,-148.8928,2013,68.00,,
BettyPingo-B,70.2835,-148.8928,2014,58.00,,
BettyPingo-B,70.2835,-148.8928,2015,74.00,,
BettyPingo-B,70.2835,-148.8928,2016,71.00,,
BettyPingo-B,70.2835,-148.8928,2017,74.00,,
BettyPingo-B,70.2835,-148.8928,2018,54.00,,
BettyPingo-B,70.2835,-148.8928,2019,72.00,,
BettyPingo-B,70.2835,-148.8928,2020,,,
BettyPingo-B,70.2835,-148.8928,2021,72.00,,
BettyPingo-B,70.2835,-148.8928,2022,61,,
BettyPingo-B,70.2835,-148.8928,2023,82,,
BettyPingo-C,70.275,-148.919,1995,54.00,,
BettyPingo-C,70.275,-148.919,1996,61.00,,
BettyPingo-C,70.275,-148.919,1997,53.00,,
BettyPingo-C,70.275,-148.919,1998,63.00,,
BettyPingo-C,70.275,-148.919,1999,59.00,,
BettyPingo-C,70.275,-148.919,2000,49.00,,
BettyPingo-C,70.275,-148.919,2001,49.00,,
BettyPingo-C,70.275,-148.919,2002,58.00,,
BettyPingo-C,70.275,-148.919,2003,49.00,,
BettyPingo-C,70.275,-148.919,2004,57.00,,
BettyPingo-C,70.275,-148.919,2005,51.00,,
BettyPingo-C,70.275,-148.919,2006,58.00,,
BettyPingo-C,70.275,-148.919,2007,48.00,,
BettyPingo-C,70.275,-148.919,2008,52.00,,
BettyPingo-C,70.275,-148.919,2009,50.00,,
BettyPingo-C,70.275,-148.919,2010,52.00 ,,
BettyPingo-C,70.275,-148.919,2011,57.00 ,,
BettyPingo-C,70.275,-148.919,2012,62.00 ,,
BettyPingo-C,70.275,-148.919,2013,63.00 ,,
BettyPingo-C,70.275,-148.919,2014,54.00 ,,
BettyPingo-C,70.275,-148.919,2015,60.00 ,,
BettyPingo-C,70.275,-148.919,2016,66.00,,
BettyPingo-C,70.275,-148.919,2017,67,,
BettyPingo-C,70.275,-148.919,2018,53,,
BettyPingo-C,70.275,-148.919,2019,70,,
BettyPingo-C,70.275,-148.919,2020,,,
BettyPingo-C,70.275,-148.919,2021,55,,
BettyPingo-C,70.275,-148.919,2022,53,,
BettyPingo-C,70.275,-148.919,2023,61,,
,,,,,,
Bolvansky,68.3,54.5,1999,110,,
Bolvansky,68.3,54.5,2000,146,,
Bolvansky,68.3,54.5,2001,145,,
Bolvansky,68.3,54.5,2002,136,,
Bolvansky,68.3,54.5,2003,140,,
Bolvansky,68.3,54.5,2004,152,,
Bolvansky,68.3,54.5,2005,150,,
Bolvansky,68.3,54.5,2006,145,,
Bolvansky,68.3,54.5,2007,160,,
Bolvansky,68.3,54.5,2008,159,,
Bolvansky,68.3,54.5,2009,142,,
Bolvansky,68.3,54.5,2010,130,,
Bolvansky,68.3,54.5,2011,135,,
Bolvansky,68.3,54.5,2012,,,
Bolvansky,68.3,54.5,2013,136,,
Bolvansky,68.3,54.5,2014,130,,
Bolvansky,68.3,54.5,2015,135,,
Bolvansky,68.3,54.5,2016,133,,
Bolvansky,68.3,54.5,2017,128,,
Bolvansky,68.3,54.5,2019,144,,
Bonanza_Creek ,64.7144444,-148.1452778,1990,64,,
Bonanza_Creek ,64.7144444,-148.1452778,1991,77,,
Bonanza_Creek ,64.7144444,-148.1452778,1992,78,,
Bonanza_Creek ,64.7144444,-148.1452778,1993,,,
Bonanza_Creek ,64.7144444,-148.1452778,1994,92,,
Bonanza_Creek ,64.7144444,-148.1452778,1995,100,,
Bonanza_Creek ,64.7144444,-148.1452778,1996,65,,
Bonanza_Creek ,64.7144444,-148.1452778,1997,65,,
Bonanza_Creek ,64.7144444,-148.1452778,1998,62,,
Bonanza_Creek ,64.7144444,-148.1452778,1999,55,,
Bonanza_Creek ,64.7144444,-148.1452778,2000,94,,
Bonanza_Creek ,64.7144444,-148.1452778,2001,75,,
Bonanza_Creek ,64.7144444,-148.1452778,2002,75,,
Bonanza_Creek ,64.7144444,-148.1452778,2003,75,,
Bonanza_Creek ,64.7144444,-148.1452778,2004,69,,
Bonanza_Creek ,64.7144444,-148.1452778,2005,102,,
Bonanza_Creek ,64.7144444,-148.1452778,2006,105,,
Bonanza_Creek ,64.7144444,-148.1452778,2007,92,,
Bonanza_Creek ,64.7144444,-148.1452778,2008,70,,
Bonanza_Creek ,64.7144444,-148.1452778,2009,70,,
Bonanza_Creek ,64.7144444,-148.1452778,2010,80,,
Bonanza_Creek ,64.7144444,-148.1452778,2011,114,,
Bonanza_Creek ,64.7144444,-148.1452778,2012,145,,
Bonanza_Creek ,64.7144444,-148.1452778,2013,165,,
Bonanza_Creek ,64.7144444,-148.1452778,2014,213,,
Bonanza_Creek ,64.7144444,-148.1452778,2015,209,,
Bonanza_Creek ,64.7144444,-148.1452778,2016,240,,
Bonanza_Creek ,64.7144444,-148.1452778,2017,271,,
Bonanza_Creek ,64.7144444,-148.1452778,2018,303,,
Bonanza_Creek ,64.7144444,-148.1452778,2019,330,,
Bonanza_Creek ,64.7144444,-148.1452778,2020,276,,
Bonanza_Creek ,64.7144444,-148.1452778,2021,366,,
Bonanza_Creek ,64.7144444,-148.1452778,2022,391,,
Bonanza_Creek ,64.7144444,-148.1452778,2023,390,,
Bonanza_Creek ,64.7144444,-148.1452778,2024,407,,
Borden_Peninsula_Sirmilik_NP,73.0054,-80.68725,2008,94,,
Borden_Peninsula_Sirmilik_NP,73.0054,-80.68725,2011,76.75,,
Borden_Peninsula_Sirmilik_NP,73.0054,-80.68725,2012,77,,
Borden_Peninsula_Sirmilik_NP,73.0054,-80.68725,2013,62.5,,
Borden_Peninsula_Sirmilik_NP,73.0054,-80.68725,2014,63,,
Borden_Peninsula_Sirmilik_NP,73.0054,-80.68725,2015,65.5,,
Borden_Peninsula_Sirmilik_NP,73.0054,-80.68725,2016,67.5,,
Borden_Peninsula_Sirmilik_NP,73.0054,-80.68725,2017,56.5,,
Borden_Peninsula_Sirmilik_NP,73.0054,-80.68725,2018,61,,
Bykovsky (Lena delta) (alas),71.7855,71.41917,2001,,,
Bykovsky (Lena delta) (alas),71.7855,71.41917,2002,,,
Bykovsky (Lena delta) (alas),71.7855,71.41917,2003,,,
Bykovsky (Lena delta) (alas),71.7855,71.41917,2004,44,,
Bykovsky (Lena delta) (alas),71.7855,71.41917,2005,52,,
Bykovsky (Lena delta) (alas),71.7855,71.41917,2006,53,,
Bykovsky (Lena delta) (alas),71.7855,71.41917,2007,68,,
Bykovsky (Lena delta) (alas),71.7855,71.41917,2008,55,,
Bykovsky (Lena delta) (alas),71.7855,71.41917,2009,56,,
Bykovsky (Lena delta) (alas),71.7855,71.41917,2010,47,,
Bykovsky (Lena delta) (alas),71.7855,71.41917,2011,,,
Bykovsky (Lena delta) (alas),71.7855,71.41917,2012,47,,
Bykovsky (Lena delta) (alas),71.7855,71.41917,2013,43,,
Bykovsky (Lena delta) (alas),71.7855,71.41917,2014,54,,
Bykovsky (Lena delta) (alas),71.7855,71.41917,2015,51,,
Bykovsky (Lena delta) (alas),71.7855,71.41917,2016,45,,
Bykovsky (Lena delta) (alas),71.7855,71.41917,2017,40.2,,
Bykovsky (Lena delta) (alas),71.7855,71.41917,2018,51,,
Bykovsky (Lena delta) (alas),71.7855,71.41917,2019,50,,
Bykovsky (Lena delta) (alas),71.7855,71.41917,2020,66,,
Bykovsky (Lena delta) (alas),71.7855,71.41917,2021,55,,
Bykovsky (Lena delta) (alas),71.7855,71.41917,2022,62,,
Bykovsky (Lena delta) (alas),71.7855,71.41917,2023,59,,
Bykovsky (Lena delta) (edoma new),71.7855,129.4192,2015,45,,
Bykovsky (Lena delta) (edoma new),71.7855,129.4192,2016,46,,
Bykovsky (Lena delta) (edoma new),71.7855,129.4192,2017,44.6,,
Bykovsky (Lena delta) (edoma new),71.7855,129.4192,2018,51,,
Bykovsky (Lena delta) (edoma new),71.7855,129.4192,2019,53,,
Bykovsky (Lena delta) (edoma new),71.7855,129.4192,2020,55,,
Bykovsky (Lena delta) (edoma new),71.7855,129.4192,2021,56,,
Bykovsky (Lena delta) (edoma new),71.7855,129.4192,2022,52,,
Bykovsky (Lena delta) (edoma new),71.7855,129.4192,2023,55,,
Bykovsky (Lena delta) (edoma),71.7855,129.4192,2001,50,,
Bykovsky (Lena delta) (edoma),71.7855,129.4192,2002,,,
Bykovsky (Lena delta) (edoma),71.7855,129.4192,2003,50,,
Bykovsky (Lena delta) (edoma),71.7855,129.4192,2004,47,,
Bykovsky (Lena delta) (edoma),71.7855,129.4192,2005,45,,
Bykovsky (Lena delta) (edoma),71.7855,129.4192,2006,50,,
Bykovsky (Lena delta) (edoma),71.7855,129.4192,2007,67,,
Bykovsky (Lena delta) (edoma),71.7855,129.4192,2008,53,,
Bykovsky (Lena delta) (edoma),71.7855,129.4192,2009,41,,
Bykovsky (Lena delta) (edoma),71.7855,129.4192,2010,22,,
Bykovsky (Lena delta) (edoma),71.7855,129.4192,2011,,,
Bykovsky (Lena delta) (edoma),71.7855,129.4192,2012,20,,
Bykovsky (Lena delta) (edoma),71.7855,129.4192,2013,15,,
Bykovsky (Lena delta) (edoma),71.7855,129.4192,2014,59,,
Bylot_Island_Sirmilik_NP,72.81072,-79.32928,2009,65,,
Bylot_Island_Sirmilik_NP,72.81072,-79.32928,2011,60.5,,
Bylot_Island_Sirmilik_NP,72.81072,-79.32928,2012,63.5,,
Bylot_Island_Sirmilik_NP,72.81072,-79.32928,2013,60,,
Bylot_Island_Sirmilik_NP,72.81072,-79.32928,2014,58.5,,
Bylot_Island_Sirmilik_NP,72.81072,-79.32928,2015,57.5,,
Bylot_Island_Sirmilik_NP,72.81072,-79.32928,2016,64.5,,
Bylot_Island_Sirmilik_NP,72.81072,-79.32928,2017,48.5,,
Bylot_Island_Sirmilik_NP,72.81072,-79.32928,2018,60,,
"Cape Chukochi, alas, Kolyma ",70.08333,159.9167,2000,53,,
"Cape Chukochi, alas, Kolyma ",70.08333,159.9167,2001,46,,
"Cape Chukochi, alas, Kolyma ",70.08333,159.9167,2002,80,,
"Cape Chukochi, alas, Kolyma ",70.08333,159.9167,2003,60,,
"Cape Chukochi, alas, Kolyma ",70.08333,159.9167,2004,,,
"Cape Chukochi, alas, Kolyma ",70.08333,159.9167,2005,73,,
"Cape Chukochi, alas, Kolyma ",70.08333,159.9167,2006,66,,
"Cape Chukochi, alas, Kolyma ",70.08333,159.9167,2007,90,,
"Cape Chukochi, alas, Kolyma ",70.08333,159.9167,2008,72,,
"Cape Chukochi, alas, Kolyma ",70.08333,159.9167,2009,60,,
"Cape Chukochi, alas, Kolyma ",70.08333,159.9167,2010,79.2,,
"Cape Chukochi, alas, Kolyma ",70.08333,159.9167,2011,74,,
"Cape Chukochi, alas, Kolyma ",70.08333,159.9167,2012,52.2,,
"Cape Chukochi, alas, Kolyma ",70.08333,159.9167,2013,63.4,,
"Cape Chukochi, alas, Kolyma ",70.08333,159.9167,2014,,,
"Cape Chukochi, alas, Kolyma ",70.08333,159.9167,2015,38,,
"Cape Chukochi, alas, Kolyma ",70.08333,159.9167,2016,60,,
"Cape Chukochi, alas, Kolyma ",70.08333,159.9167,2017,61.2,,
"Cape Chukochi, alas, Kolyma ",70.08333,159.9167,2018,66.6,,
"Cape Chukochi, alas, Kolyma ",70.08333,159.9167,2019,70,,
"Cape Chukochi, alas, Kolyma ",70.08333,159.9167,2020,73,,
"Cape Chukochi, alas, Kolyma ",70.08333,159.9167,2021,69,,
"Cape Chukochi, alas, Kolyma ",70.08333,159.9167,2022,58,,
"Cape Chukochi, alas, Kolyma ",70.08333,159.9167,2023,58,,
"Cape Chukochii; edoma,Kolyma",70.08333,159.5833,1999,53,,
"Cape Chukochii; edoma,Kolyma",70.08333,159.5833,2000,43,,
"Cape Chukochii; edoma,Kolyma",70.08333,159.5833,2001,48,,
"Cape Chukochii; edoma,Kolyma",70.08333,159.5833,2002,60,,
"Cape Chukochii; edoma,Kolyma",70.08333,159.5833,2003,59,,
"Cape Chukochii; edoma,Kolyma",70.08333,159.5833,2004,,,
"Cape Chukochii; edoma,Kolyma",70.08333,159.5833,2005,64,,
"Cape Chukochii; edoma,Kolyma",70.08333,159.5833,2006,56,,
"Cape Chukochii; edoma,Kolyma",70.08333,159.5833,2007,79,,
"Cape Chukochii; edoma,Kolyma",70.08333,159.5833,2008,68,,
"Cape Chukochii; edoma,Kolyma",70.08333,159.5833,2009,56,,
"Cape Chukochii; edoma,Kolyma",70.08333,159.5833,2010,64.4,,
"Cape Chukochii; edoma,Kolyma",70.08333,159.5833,2011,65,,
"Cape Chukochii; edoma,Kolyma",70.08333,159.5833,2012,52.4,,
"Cape Chukochii; edoma,Kolyma",70.08333,159.5833,2013,57.8,,
"Cape Chukochii; edoma,Kolyma",70.08333,159.5833,2014,,,
"Cape Chukochii; edoma,Kolyma",70.08333,159.5833,2015,44,,
"Cape Chukochii; edoma,Kolyma",70.08333,159.5833,2016,57,,
"Cape Chukochii; edoma,Kolyma",70.08333,159.5833,2017,55,,
"Cape Chukochii; edoma,Kolyma",70.08333,159.5833,2018,54.2,,
"Cape Chukochii; edoma,Kolyma",70.08333,159.5833,2019,53.8,,
"Cape Chukochii; edoma,Kolyma",70.08333,159.5833,2020,61,,
"Cape Chukochii; edoma,Kolyma",70.08333,159.5833,2021,56,,
"Cape Chukochii; edoma,Kolyma",70.08333,159.5833,2022,60,,
"Cape Chukochii; edoma,Kolyma",70.08333,159.5833,2023,57,,
Cape Rogozhny; Chukotka,64.78333,176.9667,1994,55,,
Cape Rogozhny; Chukotka,64.78333,176.9667,1995,52,,
Cape Rogozhny; Chukotka,64.78333,176.9667,1996,61,,
Cape Rogozhny; Chukotka,64.78333,176.9667,1997,68,,
Cape Rogozhny; Chukotka,64.78333,176.9667,1998,50,,
Cape Rogozhny; Chukotka,64.78333,176.9667,1999,50,,
Cape Rogozhny; Chukotka,64.78333,176.9667,2000,59,,
Cape Rogozhny; Chukotka,64.78333,176.9667,2001,57,,
Cape Rogozhny; Chukotka,64.78333,176.9667,2002,57,,
Cape Rogozhny; Chukotka,64.78333,176.9667,2003,67,,
Cape Rogozhny; Chukotka,64.78333,176.9667,2004,73,,
Cape Rogozhny; Chukotka,64.78333,176.9667,2005,69,,
Cape Rogozhny; Chukotka,64.78333,176.9667,2006,68,,
Cape Rogozhny; Chukotka,64.78333,176.9667,2007,72,,
Cape Rogozhny; Chukotka,64.78333,176.9667,2008,65,,
Cape Rogozhny; Chukotka,64.78333,176.9667,2009,65,,
Cape Rogozhny; Chukotka,64.78333,176.9667,2010,68,,
Cape Rogozhny; Chukotka,64.78333,176.9667,2011,64,,
Cape Rogozhny; Chukotka,64.78333,176.9667,2012,67,,
Cape Rogozhny; Chukotka,64.78333,176.9667,2013,65,,
Cape Rogozhny; Chukotka,64.78333,176.9667,2014,73,,
Cape Rogozhny; Chukotka,64.78333,176.9667,2015,69,,
Cape Rogozhny; Chukotka,64.78333,176.9667,2016,73,,
Cape Rogozhny; Chukotka,64.78333,176.9667,2017,69,,
Cape Rogozhny; Chukotka,64.78333,176.9667,2018,65,,
Cape Rogozhny; Chukotka,64.78333,176.9667,2019,72,,
Cape Rogozhny; Chukotka,64.78333,176.9667,2020,71,,
Cape Rogozhny; Chukotka,64.78333,176.9667,2021,59,,
Cape Rogozhny; Chukotka,64.78333,176.9667,2022,61,,
Cape Rogozhny; Chukotka,64.78333,176.9667,2023,66,,
ChandalarShelf,68.0691,-149.5804,1996,50,,
ChandalarShelf,68.0691,-149.5804,1999,57,,
ChandalarShelf,68.0691,-149.5804,2000,48,,
ChandalarShelf,68.0691,-149.5804,2001,52,,
ChandalarShelf,68.0691,-149.5804,2002,52,,
ChandalarShelf,68.0691,-149.5804,2003,64,,
ChandalarShelf,68.0691,-149.5804,2004,55,,
ChandalarShelf,68.0691,-149.5804,2005,59,,
ChandalarShelf,68.0691,-149.5804,2006,60,,
ChandalarShelf,68.0691,-149.5804,2007,74,,
ChandalarShelf,68.0691,-149.5804,2008,55,,
ChandalarShelf,68.0691,-149.5804,2009,56,,
ChandalarShelf,68.0691,-149.5804,2010,63,,
ChandalarShelf,68.0691,-149.5804,2011,61,,
ChandalarShelf,68.0691,-149.5804,2012,76,,
ChandalarShelf,68.0691,-149.5804,2013,53,,
ChandalarShelf,68.0691,-149.5804,2014,59,,
ChandalarShelf,68.0691,-149.5804,2015,56,,
ChandalarShelf,68.0691,-149.5804,2016,71,,
ChandalarShelf,68.0691,-149.5804,2017,67,,
ChandalarShelf,68.0691,-149.5804,2018,62,,
ChandalarShelf,68.0691,-149.5804,2019,57,,
ChandalarShelf,68.0691,-149.5804,2022,62,,
Chara Belenky,56.76038,118.18903,2013,128,,
Chara Belenky,56.76038,118.18903,2014,91,,
Chara Belenky,56.76038,118.18903,2015,115,,
Chara Belenky,56.76038,118.18903,2016,,,
Chara Belenky,56.76038,118.18903,2017,108.33,,
Chara Belenky,56.76038,118.18903,2018,105,,
Chara Belenky,56.76038,118.18903,2019,,,
Chara Belenky,56.76038,118.18903,2020,,,
Chara Belenky,56.76038,118.18903,2021,,,
Chara Belenky,56.76038,118.18903,2022,87,,
Chara Most,56.906264,118.28067,2013,80,,
Chara Most,56.906264,118.28067,2014,59.5,,
Chara Most,56.906264,118.28067,2015,79,,
Chara Most,56.906264,118.28067,2016,,,
Chara Most,56.906264,118.28067,2017,78.33,,
Chara Most,56.906264,118.28067,2018,75.33,,
Chevak,61.52786,-165.61778,2009,98,,
Chevak,61.52786,-165.61778,2010,77,,
Chevak,61.52786,-165.61778,2011,75,,
Chevak,61.52786,-165.61778,2012,79,,
Chevak,61.52786,-165.61778,2013,87,,
Chevak,61.52786,-165.61778,2014,85,,
"Chukochya River, Kolyma",69.48333,156.9833,1996,60,,
"Chukochya River, Kolyma",69.48333,156.9833,1997,,,
"Chukochya River, Kolyma",69.48333,156.9833,1998,66,,
"Chukochya River, Kolyma",69.48333,156.9833,1999,54,,
"Chukochya River, Kolyma",69.48333,156.9833,2000,58,,
"Chukochya River, Kolyma",69.48333,156.9833,2001,,,
"Chukochya River, Kolyma",69.48333,156.9833,2002,,,
"Chukochya River, Kolyma",69.48333,156.9833,2003,,,
"Chukochya River, Kolyma",69.48333,156.9833,2004,,,
"Chukochya River, Kolyma",69.48333,156.9833,2005,66,,
"Chukochya River, Kolyma",69.48333,156.9833,2006,60,,
"Chukochya River, Kolyma",69.48333,156.9833,2007,,,
"Chukochya River, Kolyma",69.48333,156.9833,2008,60,,
"Chukochya River, Kolyma",69.48333,156.9833,2009,60,,
"Chukochya River, Kolyma",69.48333,156.9833,2010,60.4,,
"Chukochya River, Kolyma",69.48333,156.9833,2011,60,,
"Chukochya River, Kolyma",69.48333,156.9833,2012,58.4,,
"Chukochya River, Kolyma",69.48333,156.9833,2013,56.4,,
"Chukochya River, Kolyma",69.48333,156.9833,2014,,,
"Chukochya River, Kolyma",69.48333,156.9833,2015,68,,
"Chukochya River, Kolyma",69.48333,156.9833,2016,58.8,,
"Chukochya River, Kolyma",69.48333,156.9833,2017,64.6,,
"Chukochya River, Kolyma",69.48333,156.9833,2018,61,,
"Chukochya River, Kolyma",69.48333,156.9833,2019,62,,
"Chukochya River, Kolyma",69.48333,156.9833,2020,66,,
"Chukochya River, Kolyma",69.48333,156.9833,2021,61,,
Circle,65.82819,-144.07843,2009,100,,
Circle,65.82819,-144.07843,2010,100,,
Circle,65.82819,-144.07843,2011,100,,
Circle,65.82819,-144.07843,2012,100,,
Circle,65.82819,-144.07843,2013,100,,
Circle,65.82819,-144.07843,2014,100,,
Circle,65.82819,-144.07843,2019,99,,
CouncilGrid,64.8442,-163.7202,2008,112.5,,
CouncilGrid,64.8442,-163.7202,2009,110,,
CouncilGrid,64.8442,-163.7202,2010,120.5,,
CouncilGrid,64.8442,-163.7202,2011,130,,
CouncilGrid,64.8442,-163.7202,2012,127,,
CouncilGrid,64.8442,-163.7202,2013,100.5,,
CouncilGrid,64.8442,-163.7202,2014,110.5,,
CouncilGrid,64.8442,-163.7202,2015,122.5,,
CouncilGrid,64.8442,-163.7202,2016,128,,
CouncilGrid,64.8442,-163.7202,2017,118,,
CouncilGrid,64.8442,-163.7202,2018,>130,,
CouncilGrid,64.8442,-163.7202,2019,127,,
CouncilGrid,64.8442,-163.7202,2021,123.5,,
CouncilGrid,64.8442,-163.7202,2022,126,,
CouncilGrid,64.8442,-163.7202,2023,130,,
Dawson,63.94054,-138.59157,2009,39,,
Dawson,63.94054,-138.59157,2010,58,,
Dawson,63.94054,-138.59157,2011,70,,
Dawson,63.94054,-138.59157,2012,59,,
Dawson,63.94054,-138.59157,2013,74,,
Dawson,63.94054,-138.59157,2014,74,,
Deadhorse,70.1613,-148.4653,1996,81,,
Deadhorse,70.1613,-148.4653,1997,83,,
Deadhorse,70.1613,-148.4653,1998,87,,
Deadhorse,70.1613,-148.4653,1999,89,,
Deadhorse,70.1613,-148.4653,2000,80,,
Deadhorse,70.1613,-148.4653,2001,79,,
Deadhorse,70.1613,-148.4653,2002,87,,
Deadhorse,70.1613,-148.4653,2003,84,,
Deadhorse,70.1613,-148.4653,2004,85,,
Deadhorse,70.1613,-148.4653,2005,75,,
Deadhorse,70.1613,-148.4653,2006,84,,
Deadhorse,70.1613,-148.4653,2007,82,,
Deadhorse,70.1613,-148.4653,2008,,,
Deadhorse,70.1613,-148.4653,2009,80,,
Deadhorse,70.1613,-148.4653,2010,86,,
Deadhorse,70.1613,-148.4653,2011,81,,
Deadhorse,70.1613,-148.4653,2012,92,,
Deadhorse,70.1613,-148.4653,2013,92,,
Deadhorse,70.1613,-148.4653,2014,87,,
Deadhorse,70.1613,-148.4653,2015,91,,
Deadhorse,70.1613,-148.4653,2016,94,,
Deadhorse,70.1613,-148.4653,2017,89,,
Deadhorse,70.1613,-148.4653,2018,85,,
Deadhorse,70.1613,-148.4653,2019,93,,
Deadhorse,70.1613,-148.4653,2022,89,,
Deadhorse56miles,69.5006,-148.5592,1996,84,,
Deadhorse56miles,69.5006,-148.5592,1997,98,,
Deadhorse56miles,69.5006,-148.5592,1998,96,,
Deadhorse56miles,69.5006,-148.5592,1999,94,,
Deadhorse56miles,69.5006,-148.5592,2000,98,,
Deadhorse56miles,69.5006,-148.5592,2001,89,,
Deadhorse56miles,69.5006,-148.5592,2002,92,,
Deadhorse56miles,69.5006,-148.5592,2003,90,,
Deadhorse56miles,69.5006,-148.5592,2004,100,,
Deadhorse56miles,69.5006,-148.5592,2005,90,,
Deadhorse56miles,69.5006,-148.5592,2006,91,,
Deadhorse56miles,69.5006,-148.5592,2007,93,,
Deadhorse56miles,69.5006,-148.5592,2008,100,,
Deadhorse56miles,69.5006,-148.5592,2009,94,,
Deadhorse56miles,69.5006,-148.5592,2010,98,,
Deadhorse56miles,69.5006,-148.5592,2011,111,,
Deadhorse56miles,69.5006,-148.5592,2012,101,,
Deadhorse56miles,69.5006,-148.5592,2013,104,,
Deadhorse56miles,69.5006,-148.5592,2014,102,,
Deadhorse56miles,69.5006,-148.5592,2015,106,,
Deadhorse56miles,69.5006,-148.5592,2016,105,,
Deadhorse56miles,69.5006,-148.5592,2017,103,,
Deadhorse56miles,69.5006,-148.5592,2018,97,,
Deadhorse56miles,69.5006,-148.5592,2019,103,,
Deadhorse56miles,69.5006,-148.5592,2020,100,,
Deadhorse56miles,69.5006,-148.5592,2021,99,,
Deadhorse56miles,69.5006,-148.5592,2022,100,,
Deadhorse56miles,69.5006,-148.5592,2023,113,,
Eagle,64.7777,-141.10954,2009,57,,
Eagle,64.7777,-141.10954,2010,100,,
Eagle,64.7777,-141.10954,2011,100,,
Eagle,64.7777,-141.10954,2012,100,,
Eagle,64.7777,-141.10954,2013,80,,
Eagle,64.7777,-141.10954,2014,80,,
Eagle,64.7777,-141.10954,2016,90,,
Eagle,64.7777,-141.10954,2017,95,,
Eagle,64.7777,-141.10954,2018,100,,
Eagle,64.7777,-141.10954,2019,87,,
"Ecogrid, Svalbard ",78.92,11.86,2014,194.81,,
"Ecogrid, Svalbard ",78.92,11.86,2015,182.39,,
"Ecogrid, Svalbard ",78.92,11.86,2016,184.35,,
"Ecogrid, Svalbard ",78.92,11.86,2017,189.31,,
"Ecogrid, Svalbard ",78.92,11.86,2018,196.47,,
"Ecogrid, Svalbard ",78.92,11.86,2019,193.33,,
Emmonak,62.78478,-164.52623,2009,100,,
Emmonak,62.78478,-164.52623,2010,100,,
Emmonak,62.78478,-164.52623,2011,100,,
Emmonak,62.78478,-164.52623,2012,100,,
Emmonak,62.78478,-164.52623,2013,100,,
Emmonak,62.78478,-164.52623,2014,100,,
Emmonak,62.78478,-164.52623,2015,,,
Emmonak,62.78478,-164.52623,2016,100,,
Erkuta,68.225278,69.144444,2017,121,,
Erkuta,68.225278,69.144444,2018,119,,
Erkuta,68.225278,69.144444,2019,125,,
Erkuta,68.225278,69.144444,2020,131,,
Erkuta,68.225278,69.144444,2021,134,,
FarmersLoop,64.88,-147.67,2005,90,,
FarmersLoop,64.88,-147.67,2006,82,,
FarmersLoop,64.88,-147.67,2007,81,,
FarmersLoop,64.88,-147.67,2008,82,,
FarmersLoop,64.88,-147.67,2009,76,,
FarmersLoop,64.88,-147.67,2010,83,,
FarmersLoop,64.88,-147.67,2011,85,,
FarmersLoop,64.88,-147.67,2012,86,,
FarmersLoop,64.88,-147.67,2013,88,,
FarmersLoop,64.88,-147.67,2014,95,,
FarmersLoop,64.88,-147.67,2015,88,,
FarmersLoop,64.88,-147.67,2016,94,,
FarmersLoop,64.88,-147.67,2017,100,,
FarmersLoop,64.88,-147.67,2018,103,,
FarmersLoop,64.88,-147.67,2019,119,,
FarmersLoop,64.88,-147.67,2020,131,,
FarmersLoop,64.88,-147.67,2021,138,,
FarmersLoop,64.88,-147.67,2022,141,,
FarmersLoop,64.88,-147.67,2023,145,,
FortYukon,66.62076,-145.1035,2009,100,,
FortYukon,66.62076,-145.1035,2010,100,,
FortYukon,66.62076,-145.1035,2011,100,,
FortYukon,66.62076,-145.1035,2012,100,,
FortYukon,66.62076,-145.1035,2013,100,,
FortYukon,66.62076,-145.1035,2014,100,,
Franklin Bluff,69.6739,-148.7219,1996,113,,
Franklin Bluff,69.6739,-148.7219,1997,125,,
Franklin Bluff,69.6739,-148.7219,1998,119,,
Franklin Bluff,69.6739,-148.7219,1999,124,,
Franklin Bluff,69.6739,-148.7219,2000,100,,
Franklin Bluff,69.6739,-148.7219,2001,89,,
Franklin Bluff,69.6739,-148.7219,2002,89,,
Franklin Bluff,69.6739,-148.7219,2003,89,,
Franklin Bluff,69.6739,-148.7219,2004,108,,
Franklin Bluff,69.6739,-148.7219,2005,84,,
Franklin Bluff,69.6739,-148.7219,2006,98,,
Franklin Bluff,69.6739,-148.7219,2007,92,,
Franklin Bluff,69.6739,-148.7219,2008,92,,
Franklin Bluff,69.6739,-148.7219,2009,100,,
Franklin Bluff,69.6739,-148.7219,2010,97,,
Franklin Bluff,69.6739,-148.7219,2011,109,,
Franklin Bluff,69.6739,-148.7219,2012,100,,
Franklin Bluff,69.6739,-148.7219,2013,120,,
Franklin Bluff,69.6739,-148.7219,2014,100,,
Franklin Bluff,69.6739,-148.7219,2015,104,,
Franklin Bluff,69.6739,-148.7219,2016,105,,
Franklin Bluff,69.6739,-148.7219,2017,105,,
Franklin Bluff,69.6739,-148.7219,2018,100,,
Franklin Bluff,69.6739,-148.7219,2019,101,,
Franklin Bluff,69.6739,-148.7219,2021,89,,
Franklin Bluff,69.6739,-148.7219,2022,110,,
GalbraithLake,68.4774,-149.5024,1996,75,,
GalbraithLake,68.4774,-149.5024,1997,112,,
GalbraithLake,68.4774,-149.5024,1998,81,,
GalbraithLake,68.4774,-149.5024,1999,76,,
GalbraithLake,68.4774,-149.5024,2001,65,,
GalbraithLake,68.4774,-149.5024,2002,65,,
GalbraithLake,68.4774,-149.5024,2003,81,,
GalbraithLake,68.4774,-149.5024,2004,,,
GalbraithLake,68.4774,-149.5024,2005,61,,
GalbraithLake,68.4774,-149.5024,2006,89,,
GalbraithLake,68.4774,-149.5024,2007,79,,
GalbraithLake,68.4774,-149.5024,2008,80,,
GalbraithLake,68.4774,-149.5024,2009,100,,
GalbraithLake,68.4774,-149.5024,2010,84,,
GalbraithLake,68.4774,-149.5024,2011,77,,
GalbraithLake,68.4774,-149.5024,2012,83.5,,
GalbraithLake,68.4774,-149.5024,2013,83,,
GalbraithLake,68.4774,-149.5024,2014,82,,
GalbraithLake,68.4774,-149.5024,2015,77,,
GalbraithLake,68.4774,-149.5024,2016,85,,
GalbraithLake,68.4774,-149.5024,2017,88,,
GalbraithLake,68.4774,-149.5024,2018,83,,
GalbraithLake,68.4774,-149.5024,2021,70,,
GalbraithLake,68.4774,-149.5024,2022,77,,
Galena,64.7333,-156.78334,2009,55,,
Galena,64.7333,-156.78334,2010,62,,
Galena,64.7333,-156.78334,2011,69,,
Galena,64.7333,-156.78334,2012,72,,
Galena,64.7333,-156.78334,2013,80,,
Galena,64.7333,-156.78334,2014,80,,
Gornoknyazevsk,66.569882,66.880857,2021,198,,
Gornoknyazevsk,66.569882,66.880857,2022,200,,
Gornoknyazevsk,66.569882,66.880857,2023,200,,
"Gyda, Gydan Peninsula 1",70.8893,78.4171,2016,130,,
"Gyda, Gydan Peninsula 1",70.8893,78.4171,2017,114,,
"Gyda, Gydan Peninsula 1",70.8893,78.4171,2018,123,,
"Gyda, Gydan Peninsula 1",70.8893,78.4171,2019,127,,
"Gyda, Gydan Peninsula 1",70.8893,78.4171,2020,135,,
"Gyda, Gydan Peninsula 1",70.8893,78.4171,2021,127,,
"Gyda, Gydan Peninsula 1",70.8893,78.4171,2022,129,,
"Gyda, Gydan Peninsula 2",70.8906,78.4308,2016,159,,
"Gyda, Gydan Peninsula 2",70.8906,78.4308,2017,135,,
"Gyda, Gydan Peninsula 2",70.8906,78.4308,2018,133,,
"Gyda, Gydan Peninsula 2",70.8906,78.4308,2019,128,,
"Gyda, Gydan Peninsula 2",70.8906,78.4308,2020,142,,
"Gyda, Gydan Peninsula 2",70.8906,78.4308,2021,139,,
"Gyda, Gydan Peninsula 2",70.8906,78.4308,2022,130,,
"Gyda, Gydan Peninsula 3",70.8699,78.5478,2017,80,,
"Gyda, Gydan Peninsula 3",70.8699,78.5478,2018,79,,
"Gyda, Gydan Peninsula 3",70.8699,78.5478,2019,83,,
"Gyda, Gydan Peninsula 3",70.8699,78.5478,2020,94,,
"Gyda, Gydan Peninsula 3",70.8699,78.5478,2021,89,,
"Gyda, Gydan Peninsula 3",70.8699,78.5478,2022,89,,
"Gyda, Gydan Peninsula 4",70.89,78.4166667,2019,54,,
"Gyda, Gydan Peninsula 4",70.89,78.4166667,2020,60,,
"Gyda, Gydan Peninsula 4",70.89,78.4166667,2021,58,,
"Gyda, Gydan Peninsula 4",70.89,78.4166667,2022,54,,
HappyValley,69.1466,-148.8483,1996,50,,
HappyValley,69.1466,-148.8483,1997,60,,
HappyValley,69.1466,-148.8483,1998,69,,
HappyValley,69.1466,-148.8483,1999,70,,
HappyValley,69.1466,-148.8483,2000,,,
HappyValley,69.1466,-148.8483,2001,,,
HappyValley,69.1466,-148.8483,2002,,,
HappyValley,69.1466,-148.8483,2003,47,,
HappyValley,69.1466,-148.8483,2004,,,
HappyValley,69.1466,-148.8483,2005,56,,
HappyValley,69.1466,-148.8483,2006,65,,
HappyValley,69.1466,-148.8483,2007,64,,
HappyValley,69.1466,-148.8483,2008,67,,
HappyValley,69.1466,-148.8483,2009,64,,
HappyValley,69.1466,-148.8483,2010,66,,
HappyValley,69.1466,-148.8483,2011,66,,
HappyValley,69.1466,-148.8483,2012,69,,
HappyValley,69.1466,-148.8483,2013,68,,
HappyValley,69.1466,-148.8483,2014,65,,
HappyValley,69.1466,-148.8483,2015,67,,
HappyValley,69.1466,-148.8483,2016,72,,
HappyValley,69.1466,-148.8483,2017,69,,
HappyValley,69.1466,-148.8483,2018,66,,
HappyValley,69.1466,-148.8483,2019,61,,
HappyValley,69.1466,-148.8483,2021,66,,
HappyValley,69.1466,-148.8483,2022,71,,
"Harp, Polar Urals",66.723483,66.080488,2016,200,,
"Harp, Polar Urals",66.723483,66.080488,2017,200,,
"Harp, Polar Urals",66.723483,66.080488,2018,200,,
"Harp, Polar Urals",66.723483,66.080488,2019,200,,
"Harp, Polar Urals",66.723483,66.080488,2020,200,,
"Harp, Polar Urals",66.723483,66.080488,2021,198,,
"Harp, Polar Urals",66.723483,66.080488,2022,179,,
"Harp, Polar Urals",66.723483,66.080488,2023,200,,
HessCreek,65.65724,-149.08443,2009,77,,
HessCreek,65.65724,-149.08443,2010,85,,
HessCreek,65.65724,-149.08443,2011,88,,
HessCreek,65.65724,-149.08443,2012,88,,
HessCreek,65.65724,-149.08443,2013,84,,
HessCreek,65.65724,-149.08443,2014,84,,
HessCreek,65.65724,-149.08443,2015,89,,
HessCreek,65.65724,-149.08443,2016,68,,
Igarka,67.48135,86.4347,2008,150,,
Igarka,67.48135,86.4347,2009,150,,
Igarka,67.48135,86.4347,2010,142.5,,
Igarka,67.48135,86.4347,2011,150,,
Igarka,67.48135,86.4347,2012,144,,
Igarka,67.48135,86.4347,2013,150,,
Igarka,67.48135,86.4347,2014,156,,
Igarka,67.48135,86.4347,2015,165,,
Igarka,67.48135,86.4347,2016,159,,
Igarka,67.48135,86.4347,2017,,,
Igarka,67.48135,86.4347,2018,180,,
Igarka,67.48135,86.4347,2019,155,,
Igarka,67.48135,86.4347,2020,166,,
Igarka,67.48135,86.4347,2021,210,,
Igarka,67.48135,86.4347,2022,167,,
Igarka,67.48135,86.4347,2023,168,,
ImnavaitCreek,68.6114,-149.3101,1995,67,,
ImnavaitCreek,68.6114,-149.3101,1996,59.5,,
ImnavaitCreek,68.6114,-149.3101,1997,74,,
ImnavaitCreek,68.6114,-149.3101,1998,86,,
ImnavaitCreek,68.6114,-149.3101,1999,71.5,,
ImnavaitCreek,68.6114,-149.3101,2000,61.5,,
ImnavaitCreek,68.6114,-149.3101,2001,70.5,,
ImnavaitCreek,68.6114,-149.3101,2002,60.5,,
ImnavaitCreek,68.6114,-149.3101,2003,68.5,,
ImnavaitCreek,68.6114,-149.3101,2004,75,,
ImnavaitCreek,68.6114,-149.3101,2005,72.5,,
ImnavaitCreek,68.6114,-149.3101,2006,75,,
ImnavaitCreek,68.6114,-149.3101,2007,87,,
ImnavaitCreek,68.6114,-149.3101,2008,84,,
ImnavaitCreek,68.6114,-149.3101,2009,86.5,,
ImnavaitCreek,68.6114,-149.3101,2010,87.5,,
ImnavaitCreek,68.6114,-149.3101,2011,82,,
ImnavaitCreek,68.6114,-149.3101,2012,97.5,,
ImnavaitCreek,68.6114,-149.3101,2013,82,,
ImnavaitCreek,68.6114,-149.3101,2014,77,,
ImnavaitCreek,68.6114,-149.3101,2015,88,,
ImnavaitCreek,68.6114,-149.3101,2016,104,,
ImnavaitCreek,68.6114,-149.3101,2017,92,,
ImnavaitCreek,68.6114,-149.3101,2018,77,,
ImnavaitCreek,68.6114,-149.3101,2019,97,,
ImnavaitCreek,68.6114,-149.3101,2020,82,,
ImnavaitCreek,68.6114,-149.3101,2021,72,,
ImnavaitCreek,68.6114,-149.3101,2022,69,,
ImnavaitCreek,68.6114,-149.3101,2023,77,,
Ivotuk,68.48333,-155.7333,2000,110,,
Ivotuk,68.48333,-155.7333,2001,97,,
Ivotuk,68.48333,-155.7333,2002,73.25,,
Ivotuk,68.48333,-155.7333,2005,100,,
Ivotuk,68.48333,-155.7333,2006,104,,
Ivotuk,68.48333,-155.7333,2007,100,,
Ivotuk,68.48333,-155.7333,2008,95.5,,
Ivotuk,68.48333,-155.7333,2009,98,,
Ivotuk,68.48333,-155.7333,2010,99,,
Ivotuk,68.48333,-155.7333,2011,85,,
Ivotuk,68.48333,-155.7333,2012,96,,
Ivotuk,68.48333,-155.7333,2013,109.5,,
Ivotuk,68.48333,-155.7333,2014,104,,
Ivotuk,68.48333,-155.7333,2016,109.5,,
Ivotuk,68.48333,-155.7333,2017,88.5,,
Ivotuk,68.48333,-155.7333,2018,81.5,,
Ivotuk,68.48333,-155.7333,2019,103.5,,
Ivotuk,68.48333,-155.7333,2022,81.5,,
Jakutskoe Lake,69.85,159.5,1999,40,,
Jakutskoe Lake,69.85,159.5,2000,53,,
Jakutskoe Lake,69.85,159.5,2001,56,,
Jakutskoe Lake,69.85,159.5,2002,69,,
Jakutskoe Lake,69.85,159.5,2003,,,
Jakutskoe Lake,69.85,159.5,2004,,,
Jakutskoe Lake,69.85,159.5,2005,73,,
Jakutskoe Lake,69.85,159.5,2006,62,,
Jakutskoe Lake,69.85,159.5,2007,102,,
Jakutskoe Lake,69.85,159.5,2008,67,,
Jakutskoe Lake,69.85,159.5,2009,58.8,,
Jakutskoe Lake,69.85,159.5,2010,179.8,,
Jakutskoe Lake,69.85,159.5,2011,86,,
Jakutskoe Lake,69.85,159.5,2012,50.4,,
Jakutskoe Lake,69.85,159.5,2013,49.2,,
Jakutskoe Lake,69.85,159.5,2014,,,
Jakutskoe Lake,69.85,159.5,2015,56,,
Jakutskoe Lake,69.85,159.5,2016,57,,
Jakutskoe Lake,69.85,159.5,2017,57,,
Jakutskoe Lake,69.85,159.5,2018,57,,
Jakutskoe Lake,69.85,159.5,2019,62,,
Jakutskoe Lake,69.85,159.5,2020,69,,
Jakutskoe Lake,69.85,159.5,2021,67,,
Jakutskoe Lake,69.85,159.5,2022,62,,
Jakutskoe Lake,69.85,159.5,2023,60,,
Kashin_Island ,68.23333,53.85,2010,93,,
Kashin_Island ,68.23333,53.85,2011,100,,
Kashin_Island ,68.23333,53.85,2012,128,,
Kashin_Island ,68.23333,53.85,2013,124,,
Kashin_Island ,68.23333,53.85,2014,101,,
Kashin_Island ,68.23333,53.85,2015,117,,
Kashin_Island ,68.23333,53.85,2016,150,,
Kashin_Island ,68.23333,53.85,2017,119,,
Kashin_Island ,68.23333,53.85,2018,125,,
Kashin_Island ,68.23333,53.85,2019,121,,
Kashin_Island ,68.23333,53.85,2020,200,,
Kashin_Island ,68.23333,53.85,2021,145,,
Kashin_Island ,68.23333,53.85,2022,161,,
"Konkovaya River, Kolyma",69.38333,158.4667,1996,65,,
"Konkovaya River, Kolyma",69.38333,158.4667,1997,,,
"Konkovaya River, Kolyma",69.38333,158.4667,1998,64,,
"Konkovaya River, Kolyma",69.38333,158.4667,1999,45,,
"Konkovaya River, Kolyma",69.38333,158.4667,2000,,,
"Konkovaya River, Kolyma",69.38333,158.4667,2001,46,,
"Konkovaya River, Kolyma",69.38333,158.4667,2002,53,,
"Konkovaya River, Kolyma",69.38333,158.4667,2003,,,
"Konkovaya River, Kolyma",69.38333,158.4667,2004,,,
"Konkovaya River, Kolyma",69.38333,158.4667,2005,,,
"Konkovaya River, Kolyma",69.38333,158.4667,2006,47,,
"Konkovaya River, Kolyma",69.38333,158.4667,2007,,,
"Konkovaya River, Kolyma",69.38333,158.4667,2008,54,,
"Konkovaya River, Kolyma",69.38333,158.4667,2009,51.2,,
"Konkovaya River, Kolyma",69.38333,158.4667,2010,68.67,,
"Konkovaya River, Kolyma",69.38333,158.4667,2011,53.8,,
"Konkovaya River, Kolyma",69.38333,158.4667,2012,39.6,,
"Konkovaya River, Kolyma",69.38333,158.4667,2013,37.6,,
"Konkovaya River, Kolyma",69.38333,158.4667,2014,,,
"Konkovaya River, Kolyma",69.38333,158.4667,2015,61,,
"Konkovaya River, Kolyma",69.38333,158.4667,2016,52.4,,
"Konkovaya River, Kolyma",69.38333,158.4667,2017,60.8,,
"Konkovaya River, Kolyma",69.38333,158.4667,2018,50,,
"Konkovaya River, Kolyma",69.38333,158.4667,2019,50,,
"Konkovaya River, Kolyma",69.38333,158.4667,2020,58,,
"Konkovaya River, Kolyma",69.38333,158.4667,2021,,,
"Konkovaya River, Kolyma",69.38333,158.4667,2022,40,,
"Konkovaya River, Kolyma",69.38333,158.4667,2023,60,,
"Konkovaya River, Kolyma ",69.38353,158.4667,1999,56,,
"Konkovaya River, Kolyma ",69.38353,158.4667,2000,,,
"Konkovaya River, Kolyma ",69.38353,158.4667,2001,50,,
"Konkovaya River, Kolyma ",69.38353,158.4667,2002,,,
"Konkovaya River, Kolyma ",69.38353,158.4667,2003,,,
"Konkovaya River, Kolyma ",69.38353,158.4667,2004,,,
"Konkovaya River, Kolyma ",69.38353,158.4667,2005,,,
"Konkovaya River, Kolyma ",69.38353,158.4667,2006,65,,
"Konkovaya River, Kolyma ",69.38353,158.4667,2007,73,,
"Konkovaya River, Kolyma ",69.38353,158.4667,2008,61,,
"Konkovaya River, Kolyma ",69.38353,158.4667,2009,51.6,,
"Konkovaya River, Kolyma ",69.38353,158.4667,2010,64,,
"Konkovaya River, Kolyma ",69.38353,158.4667,2011,70.8,,
"Konkovaya River, Kolyma ",69.38353,158.4667,2012,56.8,,
"Konkovaya River, Kolyma ",69.38353,158.4667,2013,57.8,,
"Konkovaya River, Kolyma ",69.38353,158.4667,2014,,,
"Konkovaya River, Kolyma ",69.38353,158.4667,2015,60,,
"Konkovaya River, Kolyma ",69.38353,158.4667,2016,50.6,,
"Konkovaya River, Kolyma ",69.38353,158.4667,2017,51.8,,
"Konkovaya River, Kolyma ",69.38353,158.4667,2018,49.4,,
"Konkovaya River, Kolyma ",69.38353,158.4667,2019,55,,
"Konkovaya River, Kolyma ",69.38353,158.4667,2020,54,,
"Konkovaya River, Kolyma ",69.38353,158.4667,2021,,,
"Konkovaya River, Kolyma ",69.38353,158.4667,2022,55,,
"Konkovaya River, Kolyma ",69.38353,158.4667,2023,60,,
Kotlik,63.02131,-163.5607,2009,100,,
Kotlik,63.02131,-163.5607,2010,100,,
Kotlik,63.02131,-163.5607,2011,100,,
Kotlik,63.02131,-163.5607,2012,100,,
Kotlik,63.02131,-163.5607,2013,100,,
Kotlik,63.02131,-163.5607,2014,100,,
Kotlik,63.02131,-163.5607,2016,94,,
Kougarok,65.454,-164.6268,2008,100,,
Kougarok,65.454,-164.6268,2009,94,,
Kougarok,65.454,-164.6268,2010,108,,
Kougarok,65.454,-164.6268,2011,96,,
Kougarok,65.454,-164.6268,2012,90.5,,
Kougarok,65.454,-164.6268,2013,90.5,,
Kougarok,65.454,-164.6268,2014,114,,
Kougarok,65.454,-164.6268,2015,115.5,,
Kougarok,65.454,-164.6268,2016,101,,
Kougarok,65.454,-164.6268,2017,111.5,,
Kougarok,65.454,-164.6268,2018,97,,
Kougarok,65.454,-164.6268,2019,118,,
Kougarok,65.454,-164.6268,2021,97,,
Kougarok,65.454,-164.6268,2022,97,,
Kougarok,65.454,-164.6268,2023,118.5,,
Kruglaya (Anadyr),64.63333,176.9667,2010,71,,
Kruglaya (Anadyr),64.63333,176.9667,2011,85,,
Kruglaya (Anadyr),64.63333,176.9667,2012,75,,
Kruglaya (Anadyr),64.63333,176.9667,2013,90,,
Kruglaya (Anadyr),64.63333,176.9667,2014,84,,
Kruglaya (Anadyr),64.63333,176.9667,2015,81,,
Kruglaya (Anadyr),64.63333,176.9667,2016,80,,
Kruglaya (Anadyr),64.63333,176.9667,2017,73,,
Kruglaya (Anadyr),64.63333,176.9667,2018,83,,
Kruglaya (Anadyr),64.63333,176.9667,2019,76,,
Kruglaya (Anadyr),64.63333,176.9667,2020,77,,
Kruglaya (Anadyr),64.63333,176.9667,2021,74,,
Kruglaya (Anadyr),64.63333,176.9667,2022,82,,
Kruglaya (Anadyr),64.63333,176.9667,2023,75,,
Labytnangy,66.696667,66.358889,2013,120,,
Labytnangy,66.696667,66.358889,2014,196,,
Labytnangy,66.696667,66.358889,2015,135,,
Labytnangy,66.696667,66.358889,2016,161,,
Labytnangy,66.696667,66.358889,2017,124,,
Labytnangy,66.696667,66.358889,2018,120,,
Labytnangy,66.696667,66.358889,2019,150,,
Labytnangy,66.696667,66.358889,2020,150,,
Labytnangy,66.696667,66.358889,2021,175,,
"Lake Akhmelo, Kolyma ",68.83333,161.0333,1996,118,,
"Lake Akhmelo, Kolyma ",68.83333,161.0333,1997,,,
"Lake Akhmelo, Kolyma ",68.83333,161.0333,1998,107,,
"Lake Akhmelo, Kolyma ",68.83333,161.0333,1999,121,,
"Lake Akhmelo, Kolyma ",68.83333,161.0333,2000,129,,
"Lake Akhmelo, Kolyma ",68.83333,161.0333,2001,114,,
"Lake Akhmelo, Kolyma ",68.83333,161.0333,2002,131,,
"Lake Akhmelo, Kolyma ",68.83333,161.0333,2003,139,,
"Lake Akhmelo, Kolyma ",68.83333,161.0333,2004,143,,
"Lake Akhmelo, Kolyma ",68.83333,161.0333,2005,145,,
"Lake Akhmelo, Kolyma ",68.83333,161.0333,2006,142,,
"Lake Akhmelo, Kolyma ",68.83333,161.0333,2007,150,,
"Lake Akhmelo, Kolyma ",68.83333,161.0333,2008,143,,
"Lake Akhmelo, Kolyma ",68.83333,161.0333,2009,128,,
"Lake Akhmelo, Kolyma ",68.83333,161.0333,2010,145,,
"Lake Akhmelo, Kolyma ",68.83333,161.0333,2011,139,,
"Lake Akhmelo, Kolyma ",68.83333,161.0333,2012,125,,
"Lake Akhmelo, Kolyma ",68.83333,161.0333,2013,128,,
"Lake Akhmelo, Kolyma ",68.83333,161.0333,2014,131,,
"Lake Akhmelo, Kolyma ",68.83333,161.0333,2015,128,,
"Lake Akhmelo, Kolyma ",68.83333,161.0333,2016,143.8,,
"Lake Akhmelo, Kolyma ",68.83333,161.0333,2017,126.2,,
"Lake Akhmelo, Kolyma ",68.83333,161.0333,2018,133.6,,
"Lake Akhmelo, Kolyma ",68.83333,161.0333,2019,131.8,,
"Lake Akhmelo, Kolyma ",68.83333,161.0333,2020,352.4,,
"Lake Akhmelo, Kolyma ",68.83333,161.0333,2021,130,,
"Lake Akhmelo, Kolyma ",68.83333,161.0333,2022,132,,
"Lake Akhmelo, Kolyma ",68.83333,161.0333,2023,130,,
"Lake Glukhoe, Kolyma",68.8,160.95,1996,115,,
"Lake Glukhoe, Kolyma",68.8,160.95,1997,,,
"Lake Glukhoe, Kolyma",68.8,160.95,1998,107,,
"Lake Glukhoe, Kolyma",68.8,160.95,1999,113,,
"Lake Glukhoe, Kolyma",68.8,160.95,2000,121,,
"Lake Glukhoe, Kolyma",68.8,160.95,2001,112,,
"Lake Glukhoe, Kolyma",68.8,160.95,2002,127,,
"Lake Glukhoe, Kolyma",68.8,160.95,2003,138,,
"Lake Glukhoe, Kolyma",68.8,160.95,2004,148,,
"Lake Glukhoe, Kolyma",68.8,160.95,2005,135,,
"Lake Glukhoe, Kolyma",68.8,160.95,2006,141,,
"Lake Glukhoe, Kolyma",68.8,160.95,2007,,,
"Lake Glukhoe, Kolyma",68.8,160.95,2008,142,,
"Lake Glukhoe, Kolyma",68.8,160.95,2009,123,,
"Lake Glukhoe, Kolyma",68.8,160.95,2010,145,,
"Lake Glukhoe, Kolyma",68.8,160.95,2011,142,,
"Lake Glukhoe, Kolyma",68.8,160.95,2012,115,,
"Lake Glukhoe, Kolyma",68.8,160.95,2013,115,,
"Lake Glukhoe, Kolyma",68.8,160.95,2014,130,,
"Lake Glukhoe, Kolyma",68.8,160.95,2015,121,,
"Lake Glukhoe, Kolyma",68.8,160.95,2016,145,,
"Lake Glukhoe, Kolyma",68.8,160.95,2017,108.8,,
"Lake Glukhoe, Kolyma",68.8,160.95,2018,118.4,,
"Lake Glukhoe, Kolyma",68.8,160.95,2019,131,,
"Lake Glukhoe, Kolyma",68.8,160.95,2020,143.4,,
"Lake Glukhoe, Kolyma",68.8,160.95,2021,119,,
"Lake Glukhoe, Kolyma",68.8,160.95,2022,141,,
"Lake Glukhoe, Kolyma",68.8,160.95,2023,140,,
Lavrentia,65.6,-171.05,2000,95.75,,
Lavrentia,65.6,-171.05,2001,98,,
Lavrentia,65.6,-171.05,2002,101,,
Lavrentia,65.6,-171.05,2003,100.5,,
Lavrentia,65.6,-171.05,2004,96.5,,
Lavrentia,65.6,-171.05,2005,95.63,,
Lavrentia,65.6,-171.05,2006,91.5,,
Lavrentia,65.6,-171.05,2007,109.63,,
Lavrentia,65.6,-171.05,2008,87.5,,
Lavrentia,65.6,-171.05,2009,101.25,,
Lavrentia,65.6,-171.05,2010,100.5,,
Lavrentia,65.6,-171.05,2011,97.75,,
Lavrentia,65.6,-171.05,2012,100,,
Lavrentia,65.6,-171.05,2013,102,,
Lavrentia,65.6,-171.05,2014,99.5,,
Lavrentia,65.6,-171.05,2015,106,,
Lavrentia,65.6,-171.05,2016,103.75,,
Lavrentia,65.6,-171.05,2017,100.75,,
Lavrentia,65.6,-171.05,2018,114,,
Lavrentia,65.6,-171.05,2019,101.75,,
Lavrentia,65.6,-171.05,2020,112.5,,
Lavrentia,65.6,-171.05,2021,106.75,,
Lavrentia,65.6,-171.05,2022,102.75,,
Lavrentia,65.6,-171.05,2023,97.25,,
Lavrentia,65.6,-171.05,2024,96,,
Lorino,65.539667,-171.63023,2010,89.25,,
Lorino,65.539667,-171.63023,2011,85,,
Lorino,65.539667,-171.63023,2012,89,,
Lorino,65.539667,-171.63023,2013,91,,
Lorino,65.539667,-171.63023,2014,101.25,,
Lorino,65.539667,-171.63023,2015,100.75,,
Lorino,65.539667,-171.63023,2016,94.75,,
Lorino,65.539667,-171.63023,2017,92.25,,
Lorino,65.539667,-171.63023,2018,106.5,,
Lorino,65.539667,-171.63023,2019,110,,
Lorino,65.539667,-171.63023,2020,111,,
Lorino,65.539667,-171.63023,2021,108,,
Lorino,65.539667,-171.63023,2022,112.75,,
Lorino,65.539667,-171.63023,2023,106,,
Lorino,65.539667,-171.63023,2024,100.25,,
LupineHill,69.12883,-148.5928,1995,20,,
LupineHill,69.12883,-148.5928,1996,23,,
LupineHill,69.12883,-148.5928,1997,10,,
LupineHill,69.12883,-148.5928,1999,24,,
LupineHill,69.12883,-148.5928,2000,18,,
LupineHill,69.12883,-148.5928,2001,19,,
LupineHill,69.12883,-148.5928,2002,20,,
LupineHill,69.12883,-148.5928,2003,23,,
LupineHill,69.12883,-148.5928,2004,16,,
LupineHill,69.12883,-148.5928,2005,18,,
LupineHill,69.12883,-148.5928,2006,20,,
LupineHill,69.12883,-148.5928,2007,12,,
LupineHill,69.12883,-148.5928,2008,18,,
LupineHill,69.12883,-148.5928,2009,22,,
LupineHill,69.12883,-148.5928,2010,30,,
LupineHill,69.12883,-148.5928,2011,31,,
LupineHill,69.12883,-148.5928,2012,24,,
LupineHill,69.12883,-148.5928,2013,32,,
LupineHill,69.12883,-148.5928,2014,24,,
LupineHill,69.12883,-148.5928,2015,20,,
LupineHill,69.12883,-148.5928,2016,25,,
LupineHill,69.12883,-148.5928,2017,25,,
LupineHill,69.12883,-148.5928,2018,27,,
LupineHill,69.12883,-148.5928,2019,24,,
LupineHill,69.12883,-148.5928,2021,21,,
LupineHill,69.12883,-148.5928,2022,19,,
LupineHill,69.12883,-148.5928,2023,27,,
"Malchilovskaya Channel, Kolyma",68.51667,161.4333,1996,108,,
"Malchilovskaya Channel, Kolyma",68.51667,161.4333,1997,,,
"Malchilovskaya Channel, Kolyma",68.51667,161.4333,1998,105,,
"Malchilovskaya Channel, Kolyma",68.51667,161.4333,1999,106,,
"Malchilovskaya Channel, Kolyma",68.51667,161.4333,2000,86,,
"Malchilovskaya Channel, Kolyma",68.51667,161.4333,2001,77,,
"Malchilovskaya Channel, Kolyma",68.51667,161.4333,2002,88,,
"Malchilovskaya Channel, Kolyma",68.51667,161.4333,2003,78,,
"Malchilovskaya Channel, Kolyma",68.51667,161.4333,2004,95,,
"Malchilovskaya Channel, Kolyma",68.51667,161.4333,2005,99,,
"Malchilovskaya Channel, Kolyma",68.51667,161.4333,2006,90,,
"Malchilovskaya Channel, Kolyma",68.51667,161.4333,2007,95,,
"Malchilovskaya Channel, Kolyma",68.51667,161.4333,2008,90,,
"Malchilovskaya Channel, Kolyma",68.51667,161.4333,2009,82,,
"Malchilovskaya Channel, Kolyma",68.51667,161.4333,2010,91,,
"Malchilovskaya Channel, Kolyma",68.51667,161.4333,2011,87,,
"Malchilovskaya Channel, Kolyma",68.51667,161.4333,2012,78,,
"Malchilovskaya Channel, Kolyma",68.51667,161.4333,2013,110,,
"Malchilovskaya Channel, Kolyma",68.51667,161.4333,2014,103,,
"Malchilovskaya Channel, Kolyma",68.51667,161.4333,2015,84,,
"Malchilovskaya Channel, Kolyma",68.51667,161.4333,2016,70.2,,
"Malchilovskaya Channel, Kolyma",68.51667,161.4333,2017,88.8,,
"Malchilovskaya Channel, Kolyma",68.51667,161.4333,2018,81.4,,
"Malchilovskaya Channel, Kolyma",68.51667,161.4333,2019,76,,
"Malchilovskaya Channel, Kolyma",68.51667,161.4333,2020,90,,
"Malchilovskaya Channel, Kolyma",68.51667,161.4333,2021,71,,
"Malchilovskaya Channel, Kolyma",68.51667,161.4333,2022,107,,
"Malchilovskaya Channel, Kolyma",68.51667,161.4333,2023,81,,
"Marre Sale, Yamal Peninsula",69.71667,66.75,1995,185,,
Marre Sale_Yamal_Peninsula,69.71667,66.75,1996,185,,
Marre Sale_Yamal_Peninsula,69.71667,66.75,1997,185,,
Marre Sale_Yamal_Peninsula,69.71667,66.75,1998,185,,
Marre Sale_Yamal_Peninsula,69.71667,66.75,1999,162,,
Marre Sale_Yamal_Peninsula,69.71667,66.75,2000,166,,
Marre Sale_Yamal_Peninsula,69.71667,66.75,2001,185,,
Marre Sale_Yamal_Peninsula,69.71667,66.75,2002,185,,
Marre Sale_Yamal_Peninsula,69.71667,66.75,2003,160,,
Marre Sale_Yamal_Peninsula,69.71667,66.75,2004,160,,
Marre Sale_Yamal_Peninsula,69.71667,66.75,2005,160,,
Marre Sale_Yamal_Peninsula,69.71667,66.75,2006,160,,
Marre Sale_Yamal_Peninsula,69.71667,66.75,2007,160,,
Marre Sale_Yamal_Peninsula,69.71667,66.75,2008,157,,
Marre Sale_Yamal_Peninsula,69.71667,66.75,2009,155,,
Marre Sale_Yamal_Peninsula,69.71667,66.75,2010,159,,
Marre Sale_Yamal_Peninsula,69.71667,66.75,2011,160,,
Marre Sale_Yamal_Peninsula,69.71667,66.75,2012,179,,
Marre Sale_Yamal_Peninsula,69.71667,66.75,2013,179,,
Marre Sale_Yamal_Peninsula,69.71667,66.75,2014,174,,
Marre Sale_Yamal_Peninsula,69.71667,66.75,2015,177,,
Marre Sale_Yamal_Peninsula,69.71667,66.75,2016,180,,
Marre Sale_Yamal_Peninsula,69.71667,66.75,2017,180,,
Marre Sale_Yamal_Peninsula,69.71667,66.75,2018,180,,
Marre Sale_Yamal_Peninsula,69.71667,66.75,2019,180,,
Marre Sale_Yamal_Peninsula,69.71667,66.75,2020,180,,
Marre Sale_Yamal_Peninsula,69.71667,66.75,2021,180,,
Marre Sale_Yamal_Peninsula,69.71667,66.75,2022,180,,
Marre Sale_Yamal_Peninsula,69.71667,66.75,2023,180,,
Marshall,61.87901,-162.05759,2009,82,,
Marshall,61.87901,-162.05759,2010,76,,
Marshall,61.87901,-162.05759,2011,67,,
Marshall,61.87901,-162.05759,2012,68,,
Marshall,61.87901,-162.05759,2013,68,,
MentastaFen,62.55,-143.3667,2009,85,,
MentastaFen,62.55,-143.3667,2010,87,,
MentastaFen,62.55,-143.3667,2012,82,,
MentastaFen,62.55,-143.3667,2019,101,,
"Mt. Dionisy, Chukotka",64.56667,177.2,1996,78,,
"Mt. Dionisy, Chukotka",64.56667,177.2,1997,82,,
"Mt. Dionisy, Chukotka",64.56667,177.2,1998,75,,
"Mt. Dionisy, Chukotka",64.56667,177.2,1999,85,,
"Mt. Dionisy, Chukotka",64.56667,177.2,2000,83,,
"Mt. Dionisy, Chukotka",64.56667,177.2,2001,77,,
"Mt. Dionisy, Chukotka",64.56667,177.2,2002,82,,
"Mt. Dionisy, Chukotka",64.56667,177.2,2003,90,,
"Mt. Dionisy, Chukotka",64.56667,177.2,2004,95,,
"Mt. Dionisy, Chukotka",64.56667,177.2,2005,96,,
"Mt. Dionisy, Chukotka",64.56667,177.2,2006,,,
"Mt. Dionisy, Chukotka",64.56667,177.2,2007,101,,
"Mt. Dionisy, Chukotka",64.56667,177.2,2008,100,,
"Mt. Dionisy, Chukotka",64.56667,177.2,2009,89,,
"Mt. Dionisy, Chukotka",64.56667,177.2,2010,73,,
"Mt. Dionisy, Chukotka",64.56667,177.2,2011,87,,
"Mt. Dionisy, Chukotka",64.56667,177.2,2012,83,,
"Mt. Dionisy, Chukotka",64.56667,177.2,2013,81,,
"Mt. Dionisy, Chukotka",64.56667,177.2,2014,88,,
"Mt. Dionisy, Chukotka",64.56667,177.2,2015,89,,
"Mt. Dionisy, Chukotka",64.56667,177.2,2016,104,,
"Mt. Dionisy, Chukotka",64.56667,177.2,2017,94,,
"Mt. Dionisy, Chukotka",64.56667,177.2,2018,92,,
"Mt. Dionisy, Chukotka",64.56667,177.2,2019,89,,
"Mt. Dionisy, Chukotka",64.56667,177.2,2020,91,,
"Mt. Dionisy, Chukotka",64.56667,177.2,2021,91,,
"Mt. Dionisy, Chukotka",64.56667,177.2,2022,90,,
"Mt. Dionisy, Chukotka",64.56667,177.2,2023,80,,
Mt. Rodinka (Burn),68.71667,161.5333,2003,162,,
Mt. Rodinka (Burn),68.71667,161.5333,2004,181,,
Mt. Rodinka (Burn),68.71667,161.5333,2005,190,,
Mt. Rodinka (Burn),68.71667,161.5333,2006,182,,
Mt. Rodinka (Burn),68.71667,161.5333,2007,,,
Mt. Rodinka (Burn),68.71667,161.5333,2008,,,
Mt. Rodinka (Burn),68.71667,161.5333,2009,,,
Mt. Rodinka (Burn),68.71667,161.5333,2010,177,,
Mt. Rodinka (Burn),68.71667,161.5333,2011,177,,
Mt. Rodinka (Burn),68.71667,161.5333,2012,169,,
Mt. Rodinka (Burn),68.71667,161.5333,2013,178,,
Mt. Rodinka (Burn),68.71667,161.5333,2014,174,,
Mt. Rodinka (Burn),68.71667,161.5333,2015,177,,
Mt. Rodinka (Burn),68.71667,161.5333,2016,179,,
Mt. Rodinka (Control),68.7,161.55,2003,78,,
Mt. Rodinka (Control),68.7,161.55,2004,89,,
Mt. Rodinka (Control),68.7,161.55,2005,109,,
Mt. Rodinka (Control),68.7,161.55,2006,98,,
Mt. Rodinka (Control),68.7,161.55,2007,110,,
Mt. Rodinka (Control),68.7,161.55,2008,98,,
Mt. Rodinka (Control),68.7,161.55,2009,142,,
Mt. Rodinka (Control),68.7,161.55,2010,110,,
Mt. Rodinka (Control),68.7,161.55,2011,116,,
Mt. Rodinka (Control),68.7,161.55,2012,93,,
Mt. Rodinka (Control),68.7,161.55,2013,86,,
Mt. Rodinka (Control),68.7,161.55,2014,97,,
Mt. Rodinka (Control),68.7,161.55,2015,100,,
Mt. Rodinka (Control),68.7,161.55,2016,160,,
Mt. Rodinka (Control),68.7,161.55,2017,159,,
Mt. Rodinka (Station),68.74,161.3928,2003,103,,
Mt. Rodinka (Station),68.74,161.3928,2004,106,,
Mt. Rodinka (Station),68.74,161.3928,2005,108,,
Mt. Rodinka (Station),68.74,161.3928,2006,113,,
Mt. Rodinka (Station),68.74,161.3928,2007,118,,
Mt. Rodinka (Station),68.74,161.3928,2008,106,,
Mt. Rodinka (Station),68.74,161.3928,2009,106,,
Mt. Rodinka (Station),68.74,161.3928,2010,108,,
Mt. Rodinka (Station),68.74,161.3928,2011,110,,
Mt. Rodinka (Station),68.74,161.3928,2012,103,,
Mt. Rodinka (Station),68.74,161.3928,2013,99,,
Mt. Rodinka (Station),68.74,161.3928,2014,103,,
Mt. Rodinka (Station),68.74,161.3928,2015,100,,
Mt. Rodinka (Station),68.74,161.3928,2016,103,,
Mt. Rodinka (Station),68.74,161.3928,2017,102,,
Mt. Rodinka (Station),68.74,161.3928,2018,105,,
Mt. Rodinka (Station),68.74,161.3928,2019,38,,
Mt. Rodinka (Station),68.74,161.3928,2020,42,,
Mt. Rodinka (Station),68.74,161.3928,2021,21,,
Mt. Rodinka (Station),68.74,161.3928,2022,78,,
Mt. Rodinka; Kolyma,68.9255,161.5046,1998,107,,
Mt. Rodinka; Kolyma,68.9255,161.5046,1999,112,,
Mt. Rodinka; Kolyma,68.9255,161.5046,2000,118,,
Mt. Rodinka; Kolyma,68.9255,161.5046,2001,119,,
Mt. Rodinka; Kolyma,68.9255,161.5046,2002,119,,
Mt. Rodinka; Kolyma,68.9255,161.5046,2003,121,,
Mt. Rodinka; Kolyma,68.9255,161.5046,2004,127,,
Mt. Rodinka; Kolyma,68.9255,161.5046,2005,135,,
Mt. Rodinka; Kolyma,68.9255,161.5046,2006,124,,
Mt. Rodinka; Kolyma,68.9255,161.5046,2007,136,,
Mt. Rodinka; Kolyma,68.9255,161.5046,2008,119,,
Mt. Rodinka; Kolyma,68.9255,161.5046,2009,118,,
Mt. Rodinka; Kolyma,68.9255,161.5046,2010,126,,
Mt. Rodinka; Kolyma,68.9255,161.5046,2011,125,,
Mt. Rodinka; Kolyma,68.9255,161.5046,2012,118,,
Mt. Rodinka; Kolyma,68.9255,161.5046,2013,116,,
Mt. Rodinka; Kolyma,68.9255,161.5046,2014,119,,
Mt. Rodinka; Kolyma,68.9255,161.5046,2015,123,,
Mt. Rodinka; Kolyma,68.9255,161.5046,2016,125,,
Mt. Rodinka; Kolyma,68.9255,161.5046,2017,126,,
Mt. Rodinka; Kolyma,68.9255,161.5046,2018,147,,
Mt. Rodinka; Kolyma,68.9255,161.5046,2019,165,,
Mt. Rodinka; Kolyma,68.9255,161.5046,2020,139,,
Mt. Rodinka; Kolyma,68.9255,161.5046,2021,12,,
Mt. Rodinka; Kolyma,68.9255,161.5046,2022,131,,
Mt. Rodinka; Kolyma ( 10 m grid),68.7417,161.5042,2003,125,,
Mt. Rodinka; Kolyma ( 10 m grid),68.7417,161.5042,2004,135,,
Mt. Rodinka; Kolyma ( 10 m grid),68.7417,161.5042,2005,137,,
Mt. Rodinka; Kolyma ( 10 m grid),68.7417,161.5042,2006,130,,
Mt. Rodinka; Kolyma ( 10 m grid),68.7417,161.5042,2007,141,,
Mt. Rodinka; Kolyma ( 10 m grid),68.7417,161.5042,2008,135,,
Mt. Rodinka; Kolyma ( 10 m grid),68.7417,161.5042,2009,130,,
Mt. Rodinka; Kolyma ( 10 m grid),68.7417,161.5042,2010,140,,
Mt. Rodinka; Kolyma ( 10 m grid),68.7417,161.5042,2011,139,,
Mt. Rodinka; Kolyma ( 10 m grid),68.7417,161.5042,2012,130,,
Mt. Rodinka; Kolyma ( 10 m grid),68.7417,161.5042,2013,128,,
Mt. Rodinka; Kolyma ( 10 m grid),68.7417,161.5042,2014,139,,
Mt. Rodinka; Kolyma ( 10 m grid),68.7417,161.5042,2015,135,,
Mt. Rodinka; Kolyma ( 10 m grid),68.7417,161.5042,2016,145,,
Mt. Rodinka; Kolyma ( 10 m grid),68.7417,161.5042,2017,144,,
Mt. Rodinka; Kolyma ( 10 m grid),68.7417,161.5042,2018,159,,
Mt. Rodinka; Kolyma ( 10 m grid),68.7417,161.5042,2019,84,,
Mt. Rodinka; Kolyma ( 10 m grid),68.7417,161.5042,2020,86,,
Mt. Rodinka; Kolyma ( 10 m grid),68.7417,161.5042,2021,50,,
Mt. Rodinka; Kolyma ( 10 m grid),68.7417,161.5042,2022,134,,
Nadym_West_Siberia ,65.314861,72.864194,1997,190,,
Nadym_West_Siberia ,65.314861,72.864194,1998,190,,
Nadym_West_Siberia ,65.314861,72.864194,1999,190,,
Nadym_West_Siberia ,65.314861,72.864194,2000,190,,
Nadym_West_Siberia ,65.314861,72.864194,2001,190,,
Nadym_West_Siberia ,65.314861,72.864194,2002,200,,
Nadym_West_Siberia ,65.314861,72.864194,2003,200,,
Nadym_West_Siberia ,65.314861,72.864194,2004,200,,
Nadym_West_Siberia ,65.314861,72.864194,2005,200,,
Nadym_West_Siberia ,65.314861,72.864194,2006,200,,
Nadym_West_Siberia ,65.314861,72.864194,2007,200,,
Nadym_West_Siberia ,65.314861,72.864194,2008,200,,
Nadym_West_Siberia ,65.314861,72.864194,2009,200,,
Nadym_West_Siberia ,65.314861,72.864194,2010,240,,
Nadym_West_Siberia ,65.314861,72.864194,2011,250,,
Nadym_West_Siberia ,65.314861,72.864194,2012,200,,
Nadym_West_Siberia ,65.314861,72.864194,2013,200,,
Nadym_West_Siberia ,65.314861,72.864194,2014,200,,
Nadym_West_Siberia ,65.314861,72.864194,2015,200,,
Nadym_West_Siberia ,65.314861,72.864194,2016,200,,
Nadym_West_Siberia ,65.314861,72.864194,2017,200,,
Nadym_West_Siberia ,65.314861,72.864194,2018,200,,
Nadym_West_Siberia ,65.314861,72.864194,2019,200,,
Nadym_West_Siberia ,65.314861,72.864194,2020,200,,
Nadym_West_Siberia ,65.314861,72.864194,2021,200,,
Nadym_West_Siberia ,65.314861,72.864194,2022,200,,
Neleger (Yakutsk region),62.31618,129.49952,2008,155,,
Neleger (Yakutsk region),62.31618,129.49952,2009,147,,
Neleger (Yakutsk region),62.31618,129.49952,2010,145,,
Neleger (Yakutsk region),62.31618,129.49952,2011,144,,
Neleger (Yakutsk region),62.31618,129.49952,2012,147,,
Neleger (Yakutsk region),62.31618,129.49952,2013,152,,
Neleger (Yakutsk region),62.31618,129.49952,2014,152,,
Neleger (Yakutsk region),62.31618,129.49952,2015,155,,
Neleger (Yakutsk region),62.31618,129.49952,2016,148,,
Neleger (Yakutsk region),62.31618,129.49952,2017,148,,
Neleger (Yakutsk region),62.31618,129.49952,2018,144,,
Neleger (Yakutsk region),62.31618,129.49952,2019,146,,
Neleger (Yakutsk region),62.31618,129.49952,2020,153,,
Neleger (Yakutsk region),62.31618,129.49952,2021,157,,
Neleger (Yakutsk region),62.31618,129.49952,2022,158,,
Neleger (Yakutsk region),62.31618,129.49952,2023,145,,
Nenana,64.55446,-149.08339,2010,98,,
Nenana,64.55446,-149.08339,2011,89,,
Nenana,64.55446,-149.08339,2012,97,,
Nenana,64.55446,-149.08339,2013,103,,
Nenana,64.55446,-149.08339,2014,103,,
Nenana,64.55446,-149.08339,2015,93,,
Nenana,64.55446,-149.08339,2016,94,,
NomeCreek,65.36988,-147.0609,2010,60,,
NomeCreek,65.36988,-147.0609,2011,61,,
NomeCreek,65.36988,-147.0609,2012,63,,
NomeCreek,65.36988,-147.0609,2013,0,,
NomeCreek,65.36988,-147.0609,2015,60,,
NomeCreek,65.36988,-147.0609,2016,67,,
Novyy Urengoy,66.05003,76.64494,2020,260,,
Novyy Urengoy,66.05003,76.64494,2021,237.5,,
Novyy Urengoy,66.05003,76.64494,2022,260,,
Novyy Urengoy,66.05003,76.64494,2023,230,,
Oktyabrskyy,66.709167,66.567778,2013,131,,
Oktyabrskyy,66.709167,66.567778,2014,113,,
Oktyabrskyy,66.709167,66.567778,2015,125,,
Oktyabrskyy,66.709167,66.567778,2016,134,,
Oktyabrskyy,66.709167,66.567778,2017,118,,
Oktyabrskyy,66.709167,66.567778,2018,127,,
Oktyabrskyy,66.709167,66.567778,2019,129,,
Oktyabrskyy,66.709167,66.567778,2020,173,,
Oktyabrskyy,66.709167,66.567778,2021,170,,
Old_Man,66.45,-150.6166667,1996,46,,
Old_Man,66.45,-150.6166667,1997,,,
Old_Man,66.45,-150.6166667,1998,55,,
Old_Man,66.45,-150.6166667,1999,56,,
Old_Man,66.45,-150.6166667,2000,45,,
Old_Man,66.45,-150.6166667,2001,,,
Old_Man,66.45,-150.6166667,2002,,,
Old_Man,66.45,-150.6166667,2003,55,,
Old_Man,66.45,-150.6166667,2004,57,,
Old_Man,66.45,-150.6166667,2005,54,,
Old_Man,66.45,-150.6166667,2006,55,,
Old_Man,66.45,-150.6166667,2007,53,,
Old_Man,66.45,-150.6166667,2008,50,,
Old_Man,66.45,-150.6166667,2009,50,,
Old_Man,66.45,-150.6166667,2010,58,,
Old_Man,66.45,-150.6166667,2011,58,,
Old_Man,66.45,-150.6166667,2012,61,,
Old_Man,66.45,-150.6166667,2013,48,,
Old_Man,66.45,-150.6166667,2014,58,,
Old_Man,66.45,-150.6166667,2015,55,,
Old_Man,66.45,-150.6166667,2016,54,,
Old_Man,66.45,-150.6166667,2017,62,,
Old_Man,66.45,-150.6166667,2018,56,,
Old_Man,66.45,-150.6166667,2019,64,,
Old_Man,66.45,-150.6166667,2020,,,
Old_Man,66.45,-150.6166667,2021,58,,
Old_Man,66.45,-150.6166667,2022,58,,
Old_Man,66.45,-150.6166667,2023,67,,
Old_Man,66.45,-150.6166667,2024,73,,
Omolon,68.73333,158.9,2007,71,,
Omolon,68.73333,158.9,2008,75,,
Omolon,68.73333,158.9,2009,84,,
Omolon,68.73333,158.9,2010,80,,
Omolon,68.73333,158.9,2011,78,,
Omolon,68.73333,158.9,2012,90,,
Omolon,68.73333,158.9,2013,90,,
Omolon,68.73333,158.9,2014,68,,
Omolon,68.73333,158.9,2015,74,,
Omolon,68.73333,158.9,2016,109,,
Omolon,68.73333,158.9,2017,81.2,,
Omolon,68.73333,158.9,2018,103,,
Omolon,68.73333,158.9,2019,66,,
Omolon,68.73333,158.9,2020,114.8,,
Omolon,68.73333,158.9,2021,89,,
Omolon,68.73333,158.9,2022,90,,
Omolon,68.73333,158.9,2023,92,,
Owl_River_Auyuittuq_NP,66.87932,-64.69728,2009,56.5,,
Owl_River_Auyuittuq_NP,66.87932,-64.69728,2010,56.5,,
Owl_River_Auyuittuq_NP,66.87932,-64.69728,2011,68.5,,
Owl_River_Auyuittuq_NP,66.87932,-64.69728,2012,65,,
Owl_River_Auyuittuq_NP,66.87932,-64.69728,2013,43.5,,
Owl_River_Auyuittuq_NP,66.87932,-64.69728,2014,49,,
Owl_River_Auyuittuq_NP,66.87932,-64.69728,2015,42,,
Owl_River_Auyuittuq_NP,66.87932,-64.69728,2016,54.5,,
Owl_River_Auyuittuq_NP,66.87932,-64.69728,2017,44.5,,
Parisento_Gydan_Peninsula,70.11667,75.58333,1992,130,,
Parisento_Gydan_Peninsula,70.11667,75.58333,1993,120,,
Parisento_Gydan_Peninsula,70.11667,75.58333,1994,,,
Parisento_Gydan_Peninsula,70.11667,75.58333,1995,185,,
Pearl_Creek,"	64.9000000",-147.8166667,1969,55,,
Pearl_Creek,"	64.9000000",-147.8166667,1970,61,,
Pearl_Creek,"	64.9000000",-147.8166667,1971,62,,
Pearl_Creek,"	64.9000000",-147.8166667,1972,60,,
Pearl_Creek,"	64.9000000",-147.8166667,1973,62,,
Pearl_Creek,"	64.9000000",-147.8166667,1974,59,,
Pearl_Creek,"	64.9000000",-147.8166667,1975,58,,
Pearl_Creek,"	64.9000000",-147.8166667,1976,59,,
Pearl_Creek,"	64.9000000",-147.8166667,1977,63,,
Pearl_Creek,"	64.9000000",-147.8166667,1978,63,,
Pearl_Creek,"	64.9000000",-147.8166667,1979,66,,
Pearl_Creek,"	64.9000000",-147.8166667,1980,65,,
Pearl_Creek,"	64.9000000",-147.8166667,1981,66,,
Pearl_Creek,"	64.9000000",-147.8166667,1982,70,,
Pearl_Creek,"	64.9000000",-147.8166667,1983,71,,
Pearl_Creek,"	64.9000000",-147.8166667,1984,64,,
Pearl_Creek,"	64.9000000",-147.8166667,1985,67,,
Pearl_Creek,"	64.9000000",-147.8166667,1986,66,,
Pearl_Creek,"	64.9000000",-147.8166667,1987,65,,
Pearl_Creek,"	64.9000000",-147.8166667,1988,71,,
Pearl_Creek,"	64.9000000",-147.8166667,1989,65,,
Pearl_Creek,"	64.9000000",-147.8166667,1990,78,,
Pearl_Creek,"	64.9000000",-147.8166667,1991,70,,
Pearl_Creek,"	64.9000000",-147.8166667,1992,75,,
Pearl_Creek,"	64.9000000",-147.8166667,1993,72,,
Pearl_Creek,"	64.9000000",-147.8166667,1994,71,,
Pearl_Creek,"	64.9000000",-147.8166667,1995,77,,
Pearl_Creek,"	64.9000000",-147.8166667,1996,66,,
Pearl_Creek,"	64.9000000",-147.8166667,1997,70,,
Pearl_Creek,"	64.9000000",-147.8166667,1998,75,,
Pearl_Creek,"	64.9000000",-147.8166667,1999,67,,
Pearl_Creek,"	64.9000000",-147.8166667,2000,68,,
Pearl_Creek,"	64.9000000",-147.8166667,2001,71,,
Pearl_Creek,"	64.9000000",-147.8166667,2002,72,,
Pearl_Creek,"	64.9000000",-147.8166667,2003,75,,
Pearl_Creek,"	64.9000000",-147.8166667,2004,74,,
Pearl_Creek,"	64.9000000",-147.8166667,2005,87,,
Pearl_Creek,"	64.9000000",-147.8166667,2006,85,,
Pearl_Creek,"	64.9000000",-147.8166667,2007,98,,
Pearl_Creek,"	64.9000000",-147.8166667,2008,89,,
Pearl_Creek,"	64.9000000",-147.8166667,2009,89,,
Pearl_Creek,"	64.9000000",-147.8166667,2010,88,,
Pearl_Creek,"	64.9000000",-147.8166667,2011,92,,
Pearl_Creek,"	64.9000000",-147.8166667,2012,87,,
Pearl_Creek,"	64.9000000",-147.8166667,2013,87,,
Pearl_Creek,"	64.9000000",-147.8166667,2014,105,,
Pearl_Creek,"	64.9000000",-147.8166667,2015,127,,
Pearl_Creek,"	64.9000000",-147.8166667,2016,168,,
Pearl_Creek,"	64.9000000",-147.8166667,2017,145,,
Pearl_Creek,"	64.9000000",-147.8166667,2018,185,,
Pearl_Creek,"	64.9000000",-147.8166667,2019,201,,
Pearl_Creek,"	64.9000000",-147.8166667,2020,193,,
Pearl_Creek,"	64.9000000",-147.8166667,2021,202,,
Pearl_Creek,"	64.9000000",-147.8166667,2022,202,,
Pearl_Creek,"	64.9000000",-147.8166667,2023,214,,
Pearl_Creek,"	64.9000000",-147.8166667,2024,226,,
Ploskii Tolbachik (Kamchatka),55.7507,160.2896,2004,120,,
Ploskii Tolbachik (Kamchatka),55.7507,160.2896,2005,107,,
Ploskii Tolbachik (Kamchatka),55.7507,160.2896,2006,130,,
Ploskii Tolbachik (Kamchatka),55.7507,160.2896,2007,113,,
Ploskii Tolbachik (Kamchatka),55.7507,160.2896,2008,85,,
Ploskii Tolbachik (Kamchatka),55.7507,160.2896,2009,90,,
Ploskii Tolbachik (Kamchatka),55.7507,160.2896,2010,93,,
Ploskii Tolbachik (Kamchatka),55.7507,160.2896,2011,80,,
Ploskii Tolbachik (Kamchatka),55.7507,160.2896,2012,84,,
Ploskii Tolbachik (Kamchatka) 1,55.76524,160.3206,2004,61,,
Ploskii Tolbachik (Kamchatka) 10,55.89092,160.5375,2014,,,
Ploskii Tolbachik (Kamchatka) 11,55.89092,160.5375,2015,66,,
Ploskii Tolbachik (Kamchatka) 12,55.89092,160.5375,2016,61,,
Ploskii Tolbachik (Kamchatka) 13,55.89092,160.5375,2017,70,,
Ploskii Tolbachik (Kamchatka) 14,55.89092,160.5375,2018,61,,
Ploskii Tolbachik (Kamchatka) 15,55.89092,160.5375,2019,71,,
Ploskii Tolbachik (Kamchatka) 16,55.89092,160.5375,2020,59,,
Ploskii Tolbachik (Kamchatka) 17,55.89092,160.5375,2021,65,,
Ploskii Tolbachik (Kamchatka) 18,55.89092,160.5375,2022,59,,
Ploskii Tolbachik (Kamchatka) 19,55.89092,160.5375,2023,57,,
Ploskii Tolbachik (Kamchatka) 2,55.76524,160.3206,2005,69,,
Ploskii Tolbachik (Kamchatka) 2,55.89092,160.5375,2006,65,,
Ploskii Tolbachik (Kamchatka) 3,55.76524,160.3206,2006,82,,
Ploskii Tolbachik (Kamchatka) 3,55.89092,160.5375,2007,52,,
Ploskii Tolbachik (Kamchatka) 4,55.76524,160.3206,2007,64,,
Ploskii Tolbachik (Kamchatka) 4,55.89092,160.5375,2008,59,,
Ploskii Tolbachik (Kamchatka) 5,55.76524,160.3206,2008,80,,
Ploskii Tolbachik (Kamchatka) 5,55.89092,160.5375,2009,52,,
Ploskii Tolbachik (Kamchatka) 6,55.76524,160.3206,2009,70,,
Ploskii Tolbachik (Kamchatka) 6,55.89092,160.5375,2010,61,,
Ploskii Tolbachik (Kamchatka) 7,55.76524,160.3206,2010,72,,
Ploskii Tolbachik (Kamchatka) 7,55.89092,160.5375,2011,62,,
Ploskii Tolbachik (Kamchatka) 8,55.76524,160.3206,2011,71,,
Ploskii Tolbachik (Kamchatka) 8,55.89092,160.5375,2012,68,,
Ploskii Tolbachik (Kamchatka) 9,55.76524,160.3206,2012,69,,
Ploskii Tolbachik (Kamchatka) 9,55.89092,160.5375,2013,55,,
Ruby,64.73486,-155.48461,2010,100,,
Ruby,64.73486,-155.48461,2011,100,,
Ruby,64.73486,-155.48461,2012,100,,
Ruby,64.73486,-155.48461,2013,100,,
Ruby,64.73486,-155.48461,2014,100,,
Sagwon,69.441,-148.67033,1995,81,,
Sagwon,69.441,-148.67033,1996,85,,
Sagwon,69.441,-148.67033,1997,86,,
Sagwon,69.441,-148.67033,1998,95,,
Sagwon,69.441,-148.67033,1999,87,,
Sagwon,69.441,-148.67033,2000,81,,
Sagwon,69.441,-148.67033,2001,78,,
Sagwon,69.441,-148.67033,2002,83,,
Sagwon,69.441,-148.67033,2003,75,,
Sagwon,69.441,-148.67033,2004,77,,
Sagwon,69.441,-148.67033,2005,78,,
Sagwon,69.441,-148.67033,2006,87,,
Sagwon,69.441,-148.67033,2007,75,,
Sagwon,69.441,-148.67033,2008,92,,
Sagwon,69.441,-148.67033,2009,93,,
Sagwon,69.441,-148.67033,2010,90,,
Sagwon,69.441,-148.67033,2011,96,,
Sagwon,69.441,-148.67033,2012,95,,
Sagwon,69.441,-148.67033,2013,89,,
Sagwon,69.441,-148.67033,2014,82,,
Sagwon,69.441,-148.67033,2015,83,,
Sagwon,69.441,-148.67033,2016,89,,
Sagwon,69.441,-148.67033,2017,89,,
Sagwon,69.441,-148.67033,2018,84,,
Sagwon,69.441,-148.67033,2019,91,,
Sagwon,69.441,-148.67033,2020,78,,
Sagwon,69.441,-148.67033,2021,80,,
Sagwon,69.441,-148.67033,2022,83,,
Sagwon,69.441,-148.67033,2023,84,,
Salekhard,66.54395,66.73125,2021,190,,
Salekhard,66.54395,66.73125,2022,183.33,,
Salekhard,66.54395,66.73125,2023,200,,
"Segodnya Pingo, Kolyma ",69.08333,158.9,1996,70,,
"Segodnya Pingo, Kolyma ",69.08333,158.9,1997,,,
"Segodnya Pingo, Kolyma ",69.08333,158.9,1998,,,
"Segodnya Pingo, Kolyma ",69.08333,158.9,1999,58,,
"Segodnya Pingo, Kolyma ",69.08333,158.9,2000,,,
"Segodnya Pingo, Kolyma ",69.08333,158.9,2001,,,
"Segodnya Pingo, Kolyma ",69.08333,158.9,2002,78,,
"Segodnya Pingo, Kolyma ",69.08333,158.9,2003,,,
"Segodnya Pingo, Kolyma ",69.08333,158.9,2004,,,
"Segodnya Pingo, Kolyma ",69.08333,158.9,2005,100,,
"Segodnya Pingo, Kolyma ",69.08333,158.9,2006,79,,
"Segodnya Pingo, Kolyma ",69.08333,158.9,2007,110,,
"Segodnya Pingo, Kolyma ",69.08333,158.9,2008,85,,
"Segodnya Pingo, Kolyma ",69.08333,158.9,2009,71.2,,
"Segodnya Pingo, Kolyma ",69.08333,158.9,2010,92,,
"Segodnya Pingo, Kolyma ",69.08333,158.9,2011,92.6,,
"Segodnya Pingo, Kolyma ",69.08333,158.9,2012,85.8,,
"Segodnya Pingo, Kolyma ",69.08333,158.9,2013,66.8,,
"Segodnya Pingo, Kolyma ",69.08333,158.9,2014,98,,
"Segodnya Pingo, Kolyma ",69.08333,158.9,2015,80,,
"Segodnya Pingo, Kolyma ",69.08333,158.9,2016,74.8,,
"Segodnya Pingo, Kolyma ",69.08333,158.9,2017,73.2,,
"Segodnya Pingo, Kolyma ",69.08333,158.9,2018,68,,
"Segodnya Pingo, Kolyma ",69.08333,158.9,2019,74,,
"Segodnya Pingo, Kolyma ",69.08333,158.9,2020,89.2,,
"Segodnya Pingo, Kolyma ",69.08333,158.9,2021,76,,
"Segodnya Pingo, Kolyma ",69.08333,158.9,2022,82,,
"Segodnya Pingo, Kolyma ",69.08333,158.9,2023,80,,
Seida,67.06556,62.92508,2012,150,,
Seida,67.06556,62.92508,2013,150,,
Seida,67.06556,62.92508,2014,150,,
Seida,67.06556,62.92508,2015,150,,
Seida,67.06556,62.92508,2016,150,,
Seida,67.06556,62.92508,2017,130,,
Seida,67.06556,62.92508,2018,130,,
Seida,67.06556,62.92508,2019,128,,
Seida,67.06556,62.92508,2020,138,,
Seida,67.06556,62.92508,2021,150,,
Seida,67.06556,62.92508,2022,139,,
Seida,67.06556,62.92508,2023,170,,
St_Mary,62.04755,-163.23412,2009,100,,
St_Mary,62.04755,-163.23412,2010,100,,
St_Mary,62.04755,-163.23412,2011,86,,
St_Mary,62.04755,-163.23412,2012,0,,
St_Mary,62.04755,-163.23412,2013,,,
St_Mary,62.04755,-163.23412,2014,100,,
St_Mary,62.04755,-163.23412,2015,100,,
St_Mary,62.04755,-163.23412,2016,100,,
Talnah (Norilsk Region),69.43333,88.46667,2005,150,,
Talnah (Norilsk Region),69.43333,88.46667,2006,164,,
Talnah (Norilsk Region),69.43333,88.46667,2007,150,,
Talnah (Norilsk Region),69.43333,88.46667,2008,150,,
Talnah (Norilsk Region),69.43333,88.46667,2009,150,,
Talnah (Norilsk Region),69.43333,88.46667,2010,160,,
Talnah (Norilsk Region),69.43333,88.46667,2011,160,,
Talnah (Norilsk Region),69.43333,88.46667,2012,160,,
Talnah (Norilsk Region),69.43333,88.46667,2013,118.5,,
Talnah (Norilsk Region),69.43333,88.46667,2014,170,,
Talnah (Norilsk Region),69.43333,88.46667,2015,160,,
Talnah (Norilsk Region),69.43333,88.46667,2016,132.5,,
Talnah (Norilsk Region),69.43333,88.46667,2017,160,,
Talnah (Norilsk Region),69.43333,88.46667,2018,160,,
Talnah (Norilsk Region),69.43333,88.46667,2019,160,,
Talnah (Norilsk Region),69.43333,88.46667,2020,160,,
Talnah (Norilsk Region),69.43333,88.46667,2021,160,,
Talnah (Norilsk Region),69.43333,88.46667,2022,160,,
Talnah (Norilsk Region),69.43333,88.46667,2023,160,,
Talnik,67.33333,63.73333,1998,164,,
Talnik,67.33333,63.73333,1999,200,,
Talnik,67.33333,63.73333,2000,192,,
Talnik,67.33333,63.73333,2001,205,,
Talnik,67.33333,63.73333,2002,205,,
Talnik,67.33333,63.73333,2003,210,,
Talnik,67.33333,63.73333,2004,204,,
Talnik,67.33333,63.73333,2005,200,,
Talnik,67.33333,63.73333,2006,200,,
Talnik,67.33333,63.73333,2007,200,,
Talnik,67.33333,63.73333,2008,200,,
Talnik,67.33333,63.73333,2009,200,,
Talnik,67.33333,63.73333,2010,200,,
Talnik,67.33333,63.73333,2011,200,,
Talnik,67.33333,63.73333,2012,200,,
Talnik,67.33333,63.73333,2013,200,,
Talnik,67.33333,63.73333,2014,NA,,
Talnik,67.33333,63.73333,2015,200,,
Talnik,67.33333,63.73333,2016,200,,
Talnik,67.33333,63.73333,2017,200,,
Talnik,67.33333,63.73333,2018,200,,
Talnik,67.33333,63.73333,2019,200,,
Talnik,67.33333,63.73333,2020,200,,
Talnik,67.33333,63.73333,2021,200,,
Talnik,67.33333,63.73333,2022,200,,
Tanada_Muskeg,62.51667,-143.3667,2009,112,,
Tanada_Muskeg,62.51667,-143.3667,2010,110,,
Tanada_Muskeg,62.51667,-143.3667,2019,151,,
Tanquary_Fiord_Ellesmere_Island   ,81.40072,-76.70937,1999,67.1,,
Tanquary_Fiord_Ellesmere_Island   ,81.40072,-76.70937,2000,71.05,,
Tanquary_Fiord_Ellesmere_Island   ,81.40072,-76.70937,2001,70,,
Tanquary_Fiord_Ellesmere_Island   ,81.40072,-76.70937,2002,70.85,,
Tanquary_Fiord_Ellesmere_Island   ,81.40072,-76.70937,2003,71.15,,
Tanquary_Fiord_Ellesmere_Island   ,81.40072,-76.70937,2004,69.5,,
Tanquary_Fiord_Ellesmere_Island   ,81.40072,-76.70937,2005,73,,
Tanquary_Fiord_Ellesmere_Island   ,81.40072,-76.70937,2006,71.35,,
Tanquary_Fiord_Ellesmere_Island   ,81.40072,-76.70937,2007,73.95,,
Tanquary_Fiord_Ellesmere_Island   ,81.40072,-76.70937,2008,76.3,,
Tanquary_Fiord_Ellesmere_Island   ,81.40072,-76.70937,2009,79.05,,
Tanquary_Fiord_Ellesmere_Island   ,81.40072,-76.70937,2010,75.5,,
Tanquary_Fiord_Ellesmere_Island   ,81.40072,-76.70937,2011,79.2,,
Tanquary_Fiord_Ellesmere_Island   ,81.40072,-76.70937,2012,79,,
Tanquary_Fiord_Ellesmere_Island   ,81.40072,-76.70937,2013,67.5,,
Tanquary_Fiord_Ellesmere_Island   ,81.40072,-76.70937,2014,73,,
Tanquary_Fiord_Ellesmere_Island   ,81.40072,-76.70937,2015,80.2,,
Tanquary_Fiord_Ellesmere_Island   ,81.40072,-76.70937,2016,81.5,,
Tanquary_Fiord_Ellesmere_Island   ,81.40072,-76.70937,2017,76.5,,
Tanquary_Fiord_Ellesmere_Island   ,81.40072,-76.70937,2018,69,,
Teslin,60.44943,-133.52016,2009,100,,
Teslin,60.44943,-133.52016,2010,100,,
Teslin,60.44943,-133.52016,2011,100,,
Teslin,60.44943,-133.52016,2012,100,,
Teslin,60.44943,-133.52016,2013,100,,
Teslin,60.44943,-133.52016,2014,100,,
Toolik_Lake,68.6215,-149.6063,1995,77,,
Toolik_Lake,68.6215,-149.6063,1996,78,,
Toolik_Lake,68.6215,-149.6063,1997,77,,
Toolik_Lake,68.6215,-149.6063,1998,89.5,,
Toolik_Lake,68.6215,-149.6063,1999,79,,
Toolik_Lake,68.6215,-149.6063,2000,79,,
Toolik_Lake,68.6215,-149.6063,2001,88,,
Toolik_Lake,68.6215,-149.6063,2002,67.5,,
Toolik_Lake,68.6215,-149.6063,2003,80.5,,
Toolik_Lake,68.6215,-149.6063,2004,71.25,,
Toolik_Lake,68.6215,-149.6063,2005,77,,
Toolik_Lake,68.6215,-149.6063,2006,80,,
Toolik_Lake,68.6215,-149.6063,2007,86,,
Toolik_Lake,68.6215,-149.6063,2008,84,,
Toolik_Lake,68.6215,-149.6063,2009,106,,
Toolik_Lake,68.6215,-149.6063,2010,88.5,,
Toolik_Lake,68.6215,-149.6063,2011,83,,
Toolik_Lake,68.6215,-149.6063,2012,82,,
Toolik_Lake,68.6215,-149.6063,2013,82,,
Toolik_Lake,68.6215,-149.6063,2014,80.5,,
Toolik_Lake,68.6215,-149.6063,2015,82.5,,
Toolik_Lake,68.6215,-149.6063,2016,86,,
Toolik_Lake,68.6215,-149.6063,2017,83.5,,
Toolik_Lake,68.6215,-149.6063,2018,83.5,,
Toolik_Lake,68.6215,-149.6063,2019,91,,
Toolik_Lake,68.6215,-149.6063,2020,68,,
Toolik_Lake,68.6215,-149.6063,2021,84.5,,
Toolik_Lake,68.6215,-149.6063,2022,77,,
Toolik_Lake,68.6215,-149.6063,2023,79.5,,
Tuymada (Yakutsk region),62.0133,129.65683,2008,223,,
Tuymada (Yakutsk region),62.0133,129.65683,2009,218,,
Tuymada (Yakutsk region),62.0133,129.65683,2010,215,,
Tuymada (Yakutsk region),62.0133,129.65683,2011,221,,
Tuymada (Yakutsk region),62.0133,129.65683,2012,220,,
Tuymada (Yakutsk region),62.0133,129.65683,2013,221,,
Tuymada (Yakutsk region),62.0133,129.65683,2014,223,,
Tuymada (Yakutsk region),62.0133,129.65683,2015,220,,
Tuymada (Yakutsk region),62.0133,129.65683,2016,220,,
Tuymada (Yakutsk region),62.0133,129.65683,2017,222,,
Tuymada (Yakutsk region),62.0133,129.65683,2018,224,,
Tuymada (Yakutsk region),62.0133,129.65683,2019,225,,
Tuymada (Yakutsk region),62.0133,129.65683,2020,225,,
Tuymada (Yakutsk region),62.0133,129.65683,2021,227,,
Tuymada (Yakutsk region),62.0133,129.65683,2022,227,,
Tuymada (Yakutsk region),62.0133,129.65683,2023,225,,
Ukkusiksalik_National_Park,65.87808,-89.36717,2014,75,,
Ukkusiksalik_National_Park,65.87808,-89.36717,2015,,,
Ukkusiksalik_National_Park,65.87808,-89.36717,2016,93,,
Ukkusiksalik_National_Park,65.87808,-89.36717,2017,85,,
Umbozero_Kola_Peninsula,67.7723958,34.182046,2011,200,,
Umbozero_Kola_Peninsula,67.7723958,34.182046,2012,200,,
Umbozero_Kola_Peninsula,67.7723958,34.182046,2013,200,,
Umbozero_Kola_Peninsula,67.7723958,34.182046,2014,200,,
Umbozero_Kola_Peninsula,67.7723958,34.182046,2015,200,,
Umbozero_Kola_Peninsula,67.7723958,34.182046,2016,200,,
UNISCALM    ,78.200956,15.836412,2000,110,,
UNISCALM    ,78.200956,15.836412,2001,119,,
UNISCALM    ,78.200956,15.836412,2002,108,,
UNISCALM    ,78.200956,15.836412,2003,108,,
UNISCALM    ,78.200956,15.836412,2004,107,,
UNISCALM    ,78.200956,15.836412,2005,92,,
UNISCALM    ,78.200956,15.836412,2006,116,,
UNISCALM    ,78.200956,15.836412,2007,121,,
UNISCALM    ,78.200956,15.836412,2008,131,,
UNISCALM    ,78.200956,15.836412,2009,115,,
UNISCALM    ,78.200956,15.836412,2010,115,,
UNISCALM    ,78.200956,15.836412,2011,114,,
UNISCALM    ,78.200956,15.836412,2012,119,,
UNISCALM    ,78.200956,15.836412,2013,127,,
UNISCALM    ,78.200956,15.836412,2014,120,,
UNISCALM    ,78.200956,15.836412,2015,120,,
UNISCALM    ,78.200956,15.836412,2016,123,,
UNISCALM    ,78.200956,15.836412,2017,122,,
UNISCALM    ,78.200956,15.836412,2018,117,,
UNISCALM    ,78.200956,15.836412,2019,114,,
UNISCALM    ,78.200956,15.836412,2020,121,,
Urengoy_Gas_Field_GP15,67.47791,76.69529,2008,118,,
Urengoy_Gas_Field_GP16,67.47791,76.69529,2009,97.25,,
Urengoy_Gas_Field_GP17,67.47791,76.69529,2010,110.25,,
Urengoy_Gas_Field_GP18,67.47791,76.69529,2011,110.25,,
Urengoy_Gas_Field_GP19,67.47791,76.69529,2012,130,,
Urengoy_Gas_Field_GP20,67.47791,76.69529,2013,120.75,,
Urengoy_Gas_Field_GP21,67.47791,76.69529,2014,118,,
Urengoy_Gas_Field_GP22,67.47791,76.69529,2015,121,,
Urengoy_Gas_Field_GP23,67.47791,76.69529,2016,135,,
Urengoy_Gas_Field_GP24,67.47791,76.69529,2017,147,,
Urengoy_Gas_Field_GP25,67.47791,76.69529,2018,163,,
Urengoy_Gas_Field_GP26,67.47791,76.69529,2019,155,,
Urengoy_Gas_Field_GP27,67.47791,76.69529,2020,,,
Urengoy_Gas_Field_GP28,67.47791,76.69529,2021,141,,
Urengoy_Gas_Field_GP29,67.47791,76.69529,2022,138,,
Urengoy_Gas_Field_GP5,66.31325,76.903478,2008,180,,
Urengoy_Gas_Field_GP5,66.31325,76.903478,2009,169,,
Urengoy_Gas_Field_GP5,66.31325,76.903478,2010,200,,
Urengoy_Gas_Field_GP5,66.31325,76.903478,2011,195.25,,
Urengoy_Gas_Field_GP5,66.31325,76.903478,2012,200,,
Urengoy_Gas_Field_GP5,66.31325,76.903478,2013,150.5,,
Urengoy_Gas_Field_GP5,66.31325,76.903478,2014,163,,
Urengoy_Gas_Field_GP5,66.31325,76.903478,2015,171,,
Urengoy_Gas_Field_GP5,66.31325,76.903478,2016,191,,
Urengoy_Gas_Field_GP5,66.31325,76.903478,2017,200,,
Urengoy_Gas_Field_GP5,66.31325,76.903478,2018,180,,
Urengoy_Gas_Field_GP5,66.31325,76.903478,2019,180,,
Urengoy_Gas_Field_GP5,66.31325,76.903478,2020,180,,
Urengoy_Gas_Field_GP5,66.31325,76.903478,2021,180,,
Urengoy_Gas_Field_GP5,66.31325,76.903478,2022,181,,
"Vaskiny Dachi, Yamal Peninsula 1",70.2755,68.89164,2007,95,,
"Vaskiny Dachi, Yamal Peninsula 1",70.2755,68.89164,2008,102,,
"Vaskiny Dachi, Yamal Peninsula 1",70.2755,68.89164,2009,75,,
"Vaskiny Dachi, Yamal Peninsula 1",70.2755,68.89164,2010,100,,
"Vaskiny Dachi, Yamal Peninsula 1",70.2755,68.89164,2011,100,,
"Vaskiny Dachi, Yamal Peninsula 1",70.2755,68.89164,2012,119,,
"Vaskiny Dachi, Yamal Peninsula 1",70.2755,68.89164,2013,110,,
"Vaskiny Dachi, Yamal Peninsula 1",70.2755,68.89164,2014,105,,
"Vaskiny Dachi, Yamal Peninsula 1",70.2755,68.89164,2015,110,,
"Vaskiny Dachi, Yamal Peninsula 1",70.2755,68.89164,2016,162,,
"Vaskiny Dachi, Yamal Peninsula 1",70.2755,68.89164,2017,91,,
"Vaskiny Dachi, Yamal Peninsula 1",70.2755,68.89164,2018,94,,
"Vaskiny Dachi, Yamal Peninsula 1",70.2755,68.89164,2019,103,,
"Vaskiny Dachi, Yamal Peninsula 1",70.2755,68.89164,2020,105,,
"Vaskiny Dachi, Yamal Peninsula 1",70.2755,68.89164,2021,103,,
"Vaskiny Dachi, Yamal Peninsula 1",70.2755,68.89164,2022,101,,
"Vaskiny Dachi, Yamal Peninsula 2",70.2955,68.88347,2007,93,,
"Vaskiny Dachi, Yamal Peninsula 2",70.2955,68.88347,2008,92,,
"Vaskiny Dachi, Yamal Peninsula 2",70.2955,68.88347,2009,81,,
"Vaskiny Dachi, Yamal Peninsula 2",70.2955,68.88347,2010,88,,
"Vaskiny Dachi, Yamal Peninsula 2",70.2955,68.88347,2011,87,,
"Vaskiny Dachi, Yamal Peninsula 2",70.2955,68.88347,2012,102,,
"Vaskiny Dachi, Yamal Peninsula 2",70.2955,68.88347,2013,105,,
"Vaskiny Dachi, Yamal Peninsula 2",70.2955,68.88347,2014,99,,
"Vaskiny Dachi, Yamal Peninsula 2",70.2955,68.88347,2015,104,,
"Vaskiny Dachi, Yamal Peninsula 2",70.2955,68.88347,2016,142,,
"Vaskiny Dachi, Yamal Peninsula 2",70.2955,68.88347,2017,105,,
"Vaskiny Dachi, Yamal Peninsula 2",70.2955,68.88347,2018,91,,
"Vaskiny Dachi, Yamal Peninsula 2",70.2955,68.88347,2019,98,,
"Vaskiny Dachi, Yamal Peninsula 2",70.2955,68.88347,2020,120,,
"Vaskiny Dachi, Yamal Peninsula 2",70.2955,68.88347,2021,131,,
"Vaskiny Dachi, Yamal Peninsula 2",70.2955,68.88347,2022,134,,
"Vaskiny Dachi, Yamal Peninsula 3",70.30139,68.84131,2007,127,,
"Vaskiny Dachi, Yamal Peninsula 3",70.30139,68.84131,2008,126,,
"Vaskiny Dachi, Yamal Peninsula 3",70.30139,68.84131,2009,100,,
"Vaskiny Dachi, Yamal Peninsula 3",70.30139,68.84131,2010,126,,
"Vaskiny Dachi, Yamal Peninsula 3",70.30139,68.84131,2011,137,,
"Vaskiny Dachi, Yamal Peninsula 3",70.30139,68.84131,2012,150,,
"Vaskiny Dachi, Yamal Peninsula 3",70.30139,68.84131,2013,147,,
"Vaskiny Dachi, Yamal Peninsula 3",70.30139,68.84131,2014,130,,
"Vaskiny Dachi, Yamal Peninsula 3",70.30139,68.84131,2015,149,,
"Vaskiny Dachi, Yamal Peninsula 3",70.30139,68.84131,2016,167,,
"Vaskiny Dachi, Yamal Peninsula 3",70.30139,68.84131,2017,140,,
"Vaskiny Dachi, Yamal Peninsula 3",70.30139,68.84131,2018,134,,
"Vaskiny Dachi, Yamal Peninsula 3",70.30139,68.84131,2019,131,,
"Vaskiny Dachi, Yamal Peninsula 3",70.30139,68.84131,2020,156,,
"Vaskiny Dachi, Yamal Peninsula 3",70.30139,68.84131,2021,142,,
"Vaskiny Dachi, Yamal Peninsula 3",70.30139,68.84131,2022,148,,
"Vaskiny Dachi, Yamal Peninsula 4",70.27417,68.89078,2014,53,,
"Vaskiny Dachi, Yamal Peninsula 4",70.27417,68.89078,2015,62,,
"Vaskiny Dachi, Yamal Peninsula 4",70.27417,68.89078,2016,70,,
"Vaskiny Dachi, Yamal Peninsula 4",70.27417,68.89078,2017,53,,
"Vaskiny Dachi, Yamal Peninsula 4",70.27417,68.89078,2018,51,,
"Vaskiny Dachi, Yamal Peninsula 4",70.27417,68.89078,2019,56,,
"Vaskiny Dachi, Yamal Peninsula 4",70.27417,68.89078,2020,65,,
"Vaskiny Dachi, Yamal Peninsula 4",70.27417,68.89078,2021,66,,
"Vaskiny Dachi, Yamal Peninsula 4",70.27417,68.89078,2022,61,,
Vaskiny_Dachy_Yamal_Peninsula 5,70.28333,68.9,1993,112,,
Vaskiny_Dachy_Yamal_Peninsula 5,70.28333,68.9,1994,117,,
Vaskiny_Dachy_Yamal_Peninsula 5,70.28333,68.9,1995,123,,
Vaskiny_Dachy_Yamal_Peninsula 5,70.28333,68.9,1996,129,,
Vaskiny_Dachy_Yamal_Peninsula 5,70.28333,68.9,1997,107,,
Vaskiny_Dachy_Yamal_Peninsula 5,70.28333,68.9,1998,140,,
Vaskiny_Dachy_Yamal_Peninsula 5,70.28333,68.9,1999,152,,
Vaskiny_Dachy_Yamal_Peninsula 5,70.28333,68.9,2000,146,,
Vaskiny_Dachy_Yamal_Peninsula 5,70.28333,68.9,2001,142,,
Vaskiny_Dachy_Yamal_Peninsula 5,70.28333,68.9,2002,163,,
Vaskiny_Dachy_Yamal_Peninsula 5,70.28333,68.9,2003,,,
Vaskiny_Dachy_Yamal_Peninsula 5,70.28333,68.9,2004,155,,
Vaskiny_Dachy_Yamal_Peninsula 5,70.28333,68.9,2005,165,,
Vaskiny_Dachy_Yamal_Peninsula 5,70.28333,68.9,2006,123,,
Vaskiny_Dachy_Yamal_Peninsula 5,70.28333,68.9,2007,135,,
Vaskiny_Dachy_Yamal_Peninsula 5,70.28333,68.9,2008,141,,
Vaskiny_Dachy_Yamal_Peninsula 5,70.28333,68.9,2009,139,,
Vaskiny_Dachy_Yamal_Peninsula 5,70.28333,68.9,2010,133,,
Vaskiny_Dachy_Yamal_Peninsula 5,70.28333,68.9,2011,147,,
Vaskiny_Dachy_Yamal_Peninsula 5,70.28333,68.9,2012,169,,
Vaskiny_Dachy_Yamal_Peninsula 5,70.28333,68.9,2013,155,,
Vaskiny_Dachy_Yamal_Peninsula 5,70.28333,68.9,2014,130,,
Vaskiny_Dachy_Yamal_Peninsula 5,70.28333,68.9,2015,150,,
Vaskiny_Dachy_Yamal_Peninsula 5,70.28333,68.9,2016,168,,
Vaskiny_Dachy_Yamal_Peninsula 5,70.28333,68.9,2017,165,,
Vaskiny_Dachy_Yamal_Peninsula 5,70.28333,68.9,2018,155,,
Vaskiny_Dachy_Yamal_Peninsula 5,70.28333,68.9,2019,163,,
Vaskiny_Dachy_Yamal_Peninsula 5,70.28333,68.9,2020,159,,
Vaskiny_Dachy_Yamal_Peninsula 5,70.28333,68.9,2021,143,,
Vaskiny_Dachy_Yamal_Peninsula 5,70.28333,68.9,2022,160,,
West_Dock,70.36667,-148.5667,1995,95,,
West_Dock,70.36667,-148.5667,1996,95,,
West_Dock,70.36667,-148.5667,1997,99,,
West_Dock,70.36667,-148.5667,1998,92,,
West_Dock,70.36667,-148.5667,1999,85.5,,
West_Dock,70.36667,-148.5667,2000,87,,
West_Dock,70.36667,-148.5667,2001,83.5,,
West_Dock,70.36667,-148.5667,2002,94,,
West_Dock,70.36667,-148.5667,2003,92,,
West_Dock,70.36667,-148.5667,2004,93,,
West_Dock,70.36667,-148.5667,2005,100,,
West_Dock,70.36667,-148.5667,2006,93.5,,
West_Dock,70.36667,-148.5667,2007,96.5,,
West_Dock,70.36667,-148.5667,2008,79.5,,
West_Dock,70.36667,-148.5667,2009,89,,
West_Dock,70.36667,-148.5667,2010,80,,
West_Dock,70.36667,-148.5667,2011,91,,
West_Dock,70.36667,-148.5667,2012,82,,
West_Dock,70.36667,-148.5667,2013,89.5,,
West_Dock,70.36667,-148.5667,2014,81,,
West_Dock,70.36667,-148.5667,2015,113.5,,
West_Dock,70.36667,-148.5667,2016,104,,
West_Dock,70.36667,-148.5667,2017,108,,
West_Dock,70.36667,-148.5667,2018,94,,
West_Dock,70.36667,-148.5667,2019,108,,
West_Dock,70.36667,-148.5667,2021,110,,
West_Dock,70.36667,-148.5667,2022,92,,
West_Dock,70.36667,-148.5667,2023,92.5,,
Wickersham ,65.1666667,-147.9,1971,,,
Wickersham ,65.1666667,-147.9,1972,57,,
Wickersham ,65.1666667,-147.9,1973,,,
Wickersham ,65.1666667,-147.9,1974,,,
Wickersham ,65.1666667,-147.9,1975,,,
Wickersham ,65.1666667,-147.9,1976,58,,
Wickersham ,65.1666667,-147.9,1977,64,,
Wickersham ,65.1666667,-147.9,1978,53,,
Wickersham ,65.1666667,-147.9,1979,63,,
Wickersham ,65.1666667,-147.9,1980,58,,
Wickersham ,65.1666667,-147.9,1981,58,,
Wickersham ,65.1666667,-147.9,1982,62,,
Wickersham ,65.1666667,-147.9,1983,61,,
Wickersham ,65.1666667,-147.9,1984,60,,
Wickersham ,65.1666667,-147.9,1985,71,,
Wickersham ,65.1666667,-147.9,1986,62,,
Wickersham ,65.1666667,-147.9,1987,56,,
Wickersham ,65.1666667,-147.9,1988,68,,
Wickersham ,65.1666667,-147.9,1989,62,,
Wickersham ,65.1666667,-147.9,1990,60,,
Wickersham ,65.1666667,-147.9,1991,55,,
Wickersham ,65.1666667,-147.9,1992,60,,
Wickersham ,65.1666667,-147.9,1993,56,,
Wickersham ,65.1666667,-147.9,1994,58,,
Wickersham ,65.1666667,-147.9,1995,63,,
Wickersham ,65.1666667,-147.9,1996,46,,
Wickersham ,65.1666667,-147.9,1997,53,,
Wickersham ,65.1666667,-147.9,1998,59,,
Wickersham ,65.1666667,-147.9,1999,54,,
Wickersham ,65.1666667,-147.9,2000,70,,
Wickersham ,65.1666667,-147.9,2001,57,,
Wickersham ,65.1666667,-147.9,2002,61,,
Wickersham ,65.1666667,-147.9,2003,65,,
Wickersham ,65.1666667,-147.9,2004,49,,
Wickersham ,65.1666667,-147.9,2005,53,,
Wickersham ,65.1666667,-147.9,2006,67,,
Wickersham ,65.1666667,-147.9,2007,66,,
Wickersham ,65.1666667,-147.9,2008,65,,
Wickersham ,65.1666667,-147.9,2009,68,,
Wickersham ,65.1666667,-147.9,2010,60,,
Wickersham ,65.1666667,-147.9,2011,63,,
Wickersham ,65.1666667,-147.9,2012,62,,
Wickersham ,65.1666667,-147.9,2013,62,,
Wickersham ,65.1666667,-147.9,2014,65,,
Wickersham ,65.1666667,-147.9,2015,68,,
Wickersham ,65.1666667,-147.9,2016,74,,
Wickersham ,65.1666667,-147.9,2017,66,,
Wickersham ,65.1666667,-147.9,2018,74,,
Wickersham ,65.1666667,-147.9,2019,66,,
Wickersham ,65.1666667,-147.9,2020,61,,
Wickersham ,65.1666667,-147.9,2021,73,,
Wickersham ,65.1666667,-147.9,2022,72,,
Wickersham ,65.1666667,-147.9,2023,70,,
Wickersham ,65.1666667,-147.9,2024,62,,
Zackenberg; ZEROCALM 1,74.473,-20.5528,1996,75,,
Zackenberg; ZEROCALM 10,74.473,-20.5528,2005,98,,
Zackenberg; ZEROCALM 11,74.473,-20.5528,2006,92,,
Zackenberg; ZEROCALM 12,74.473,-20.5528,2007,92,,
Zackenberg; ZEROCALM 13,74.473,-20.5528,2008,93,,
Zackenberg; ZEROCALM 14,74.473,-20.5528,2009,95,,
Zackenberg; ZEROCALM 15,74.473,-20.5528,2010,94,,
Zackenberg; ZEROCALM 16,74.473,-20.5528,2011,97,,
Zackenberg; ZEROCALM 17,74.473,-20.5528,2012,96,,
Zackenberg; ZEROCALM 18,74.473,-20.5528,2013,90,,
Zackenberg; ZEROCALM 19,74.473,-20.5528,2014,88,,
Zackenberg; ZEROCALM 2,74.473,-20.5528,1997,76,,
Zackenberg; ZEROCALM 2   ,74.466,-20.5643,1996,90,,
Zackenberg; ZEROCALM 2   ,74.466,-20.5643,1997,89,,
Zackenberg; ZEROCALM 2   ,74.466,-20.5643,1998,90,,
Zackenberg; ZEROCALM 2   ,74.466,-20.5643,1999,84,,
Zackenberg; ZEROCALM 2   ,74.466,-20.5643,2000,93,,
Zackenberg; ZEROCALM 2   ,74.466,-20.5643,2001,92,,
Zackenberg; ZEROCALM 2   ,74.466,-20.5643,2002,90,,
Zackenberg; ZEROCALM 2   ,74.466,-20.5643,2003,93,,
Zackenberg; ZEROCALM 2   ,74.466,-20.5643,2004,99,,
Zackenberg; ZEROCALM 2   ,74.466,-20.5643,2005,108,,
Zackenberg; ZEROCALM 2   ,74.466,-20.5643,2006,99,,
Zackenberg; ZEROCALM 2   ,74.466,-20.5643,2007,106,,
Zackenberg; ZEROCALM 2   ,74.466,-20.5643,2008,99,,
Zackenberg; ZEROCALM 2   ,74.466,-20.5643,2009,107,,
Zackenberg; ZEROCALM 2   ,74.466,-20.5643,2010,112,,
Zackenberg; ZEROCALM 2   ,74.466,-20.5643,2011,124,,
Zackenberg; ZEROCALM 2   ,74.466,-20.5643,2012,101,,
Zackenberg; ZEROCALM 2   ,74.466,-20.5643,2013,117,,
Zackenberg; ZEROCALM 2   ,74.466,-20.5643,2014,111,,
Zackenberg; ZEROCALM 2   ,74.466,-20.5643,2015,92,,
Zackenberg; ZEROCALM 2   ,74.466,-20.5643,2016,103,,
Zackenberg; ZEROCALM 2   ,74.466,-20.5643,2017,105,,
Zackenberg; ZEROCALM 2   ,74.466,-20.5643,2018,86,,
Zackenberg; ZEROCALM 2   ,74.466,-20.5643,2019,110,,
Zackenberg; ZEROCALM 2   ,74.466,-20.5643,2020,102,,
Zackenberg; ZEROCALM 2   ,74.466,-20.5643,2021,118,,
Zackenberg; ZEROCALM 2   ,74.466,-20.5643,2022,122,,
Zackenberg; ZEROCALM 2   ,74.466,-20.5643,2023,116,,
Zackenberg; ZEROCALM 2   ,74.466,-20.5643,2024,123,,
Zackenberg; ZEROCALM 20,74.473,-20.5528,2015,87,,
Zackenberg; ZEROCALM 21,74.473,-20.5528,2016,98,,
Zackenberg; ZEROCALM 22,74.473,-20.5528,2017,99,,
Zackenberg; ZEROCALM 23,74.473,-20.5528,2018,75,,
Zackenberg; ZEROCALM 24,74.473,-20.5528,2019,100,,
Zackenberg; ZEROCALM 25,74.473,-20.5528,2020,105,,
Zackenberg; ZEROCALM 26,74.473,-20.5528,2021,101,,
Zackenberg; ZEROCALM 27,74.473,-20.5528,2022,96,,
Zackenberg; ZEROCALM 28,74.473,-20.5528,2023,97,,
Zackenberg; ZEROCALM 29,74.473,-20.5528,2024,97,,
Zackenberg; ZEROCALM 3,74.473,-20.5528,1998,77,,
Zackenberg; ZEROCALM 4,74.473,-20.5528,1999,70,,
Zackenberg; ZEROCALM 5,74.473,-20.5528,2000,76,,
Zackenberg; ZEROCALM 6,74.473,-20.5528,2001,77,,
Zackenberg; ZEROCALM 7,74.473,-20.5528,2002,90,,
Zackenberg; ZEROCALM 8,74.473,-20.5528,2003,90,,
Zackenberg; ZEROCALM 9,74.473,-20.5528,2004,94,,
North Head (thaw tube),69.71972,-134.4619,1998,83,,
North Head (thaw tube),69.71972,-134.4619,1999,79.5,,
North Head (thaw tube),69.71972,-134.4619,2000,71,,
North Head (thaw tube),69.71972,-134.4619,2001,63,,
North Head (thaw tube),69.71972,-134.4619,2002,73.5,,
North Head (thaw tube),69.71972,-134.4619,2003,70,,
North Head (thaw tube),69.71972,-134.4619,2004,78,,
North Head (thaw tube),69.71972,-134.4619,2005,66,,
North Head (thaw tube),69.71972,-134.4619,2007,81,,
North Head (thaw tube),69.71972,-134.4619,2008,80.5,,
Taglu (Thaw tube),69.36917,-134.9486,1998,131,,
Taglu (Thaw tube),69.36917,-134.9486,1999,130.5,,
Taglu (Thaw tube),69.36917,-134.9486,2000,130,,
Taglu (Thaw tube),69.36917,-134.9486,2001,132.5,,
Taglu (Thaw tube),69.36917,-134.9486,2002,130,,
Taglu (Thaw tube),69.36917,-134.9486,2003,130,,
Taglu (Thaw tube),69.36917,-134.9486,2004,130,,
Taglu (Thaw tube),69.36917,-134.9486,2005,125,,
Taglu (Thaw tube),69.36917,-134.9486,2006,131,,
Taglu (Thaw tube),69.36917,-134.9486,2007,130,,
Taglu (Thaw tube),69.36917,-134.9486,2008,130,,
Lousy Point (Thaw tube),69.21889,-134.2911,1998,102,,
Lousy Point (Thaw tube),69.21889,-134.2911,1999,94.5,,
Lousy Point (Thaw tube),69.21889,-134.2911,2000,88,,
Lousy Point (Thaw tube),69.21889,-134.2911,2001,84,,
Lousy Point (Thaw tube),69.21889,-134.2911,2002,87.5,,
Lousy Point (Thaw tube),69.21889,-134.2911,2003,85,,
Lousy Point (Thaw tube),69.21889,-134.2911,2004,82,,
Lousy Point (Thaw tube),69.21889,-134.2911,2005,78.5,,
Lousy Point (Thaw tube),69.21889,-134.2911,2006,98,,
Lousy Point (Thaw tube),69.21889,-134.2911,2007,91,,
Lousy Point (Thaw tube),69.21889,-134.2911,2008,98,,
Reindeer Depot  (Thaw tube),68.68472,-134.1458,2000,130,,
Reindeer Depot  (Thaw tube),68.68472,-134.1458,2001,130,,
Reindeer Depot  (Thaw tube),68.68472,-134.1458,2002,130,,
Reindeer Depot  (Thaw tube),68.68472,-134.1458,2003,130,,
Reindeer Depot  (Thaw tube),68.68472,-134.1458,2005,130,,
Reindeer Depot  (Thaw tube),68.68472,-134.1458,2006,133,,
Reindeer Depot  (Thaw tube),68.68472,-134.1458,2007,130,,
Reindeer Depot  (Thaw tube),68.68472,-134.1458,2008,130,,
Rengleng River  (Thaw tube),67.795,-134.1261,1998,115,,
Rengleng River  (Thaw tube),67.795,-134.1261,1999,105.5,,
Rengleng River  (Thaw tube),67.795,-134.1261,2000,113,,
Rengleng River  (Thaw tube),67.795,-134.1261,2001,109.5,,
Rengleng River  (Thaw tube),67.795,-134.1261,2002,106.5,,
Rengleng River  (Thaw tube),67.795,-134.1261,2003,106,,
Rengleng River  (Thaw tube),67.795,-134.1261,2005,108,,
Rengleng River  (Thaw tube),67.795,-134.1261,2006,119,,
Rengleng River  (Thaw tube),67.795,-134.1261,2007,112,,
Rengleng River  (Thaw tube),67.795,-134.1261,2008,120,,
Norman Wells   (Thaw tube),65.19306,-126.4689,1998,108,,
Norman Wells   (Thaw tube),65.19306,-126.4689,1999,99.5,,
Norman Wells   (Thaw tube),65.19306,-126.4689,2000,104,,
Norman Wells   (Thaw tube),65.19306,-126.4689,2001,89,,
Norman Wells   (Thaw tube),65.19306,-126.4689,2002,87,,
Norman Wells   (Thaw tube),65.19306,-126.4689,2003,84.5,,
Norman Wells   (Thaw tube),65.19306,-126.4689,2004,82,,
Norman Wells   (Thaw tube),65.19306,-126.4689,2005,91.5,,
Norman Wells   (Thaw tube),65.19306,-126.4689,2006,100,,
Norman Wells   (Thaw tube),65.19306,-126.4689,2007,95,,
Norman Wells   (Thaw tube),65.19306,-126.4689,2008,97.5,,
Willowlake River  (Thaw tube),62.69667,-123.065,2001,120,,
Willowlake River  (Thaw tube),62.69667,-123.065,2002,120,,
Willowlake River  (Thaw tube),62.69667,-123.065,2003,120,,
Willowlake River  (Thaw tube),62.69667,-123.065,2004,130,,
Willowlake River  (Thaw tube),62.69667,-123.065,2005,130,,
Willowlake River  (Thaw tube),62.69667,-123.065,2006,120,,
Willowlake River  (Thaw tube),62.69667,-123.065,2007,130,,
Willowlake River  (Thaw tube),62.69667,-123.065,2008,130,,
Fort Simpson   (Thaw tube),61.88778,-121.6017,1999,120,,
Fort Simpson   (Thaw tube),61.88778,-121.6017,2000,120,,
Fort Simpson   (Thaw tube),61.88778,-121.6017,2001,120,,
Fort Simpson   (Thaw tube),61.88778,-121.6017,2002,120,,
Fort Simpson   (Thaw tube),61.88778,-121.6017,2003,120,,
Fort Simpson   (Thaw tube),61.88778,-121.6017,2004,130,,
Fort Simpson   (Thaw tube),61.88778,-121.6017,2005,130,,
Fort Simpson   (Thaw tube),61.88778,-121.6017,2006,120,,
Fort Simpson   (Thaw tube),61.88778,-121.6017,2007,130,,
Fort Simpson   (Thaw tube),61.88778,-121.6017,2008,130,,
Drew Point,70.8645,-153.9067,1998,39,,
Drew Point,70.8645,-153.9067,1999,37,,
Drew Point,70.8645,-153.9067,2000,36,,
Drew Point,70.8645,-153.9067,2001,29,,
Drew Point,70.8645,-153.9067,2002,33,,
Drew Point,70.8645,-153.9067,2003,29,,
Drew Point,70.8645,-153.9067,2004,42,,
Drew Point,70.8645,-153.9067,2005,39,,
Drew Point,70.8645,-153.9067,2006,40,,
Drew Point,70.8645,-153.9067,2007,40,,
Drew Point,70.8645,-153.9067,2008,41,,
Drew Point,70.8645,-153.9067,2009,41,,
Drew Point,70.8645,-153.9067,2010,42,,
Drew Point,70.8645,-153.9067,2011,44,,
Drew Point,70.8645,-153.9067,2012,46,,
Drew Point,70.8645,-153.9067,2013,45,,
Drew Point,70.8645,-153.9067,2014,40,,
Drew Point,70.8645,-153.9067,2015,41,,
Drew Point,70.8645,-153.9067,2016,42,,
,,,,,,
Inigok ,69.98962,-153.0938,1998,47,,
Inigok ,69.98962,-153.0938,1999,48,,
Inigok ,69.98962,-153.0938,2000,42,,
Inigok ,69.98962,-153.0938,2001,40,,
Inigok ,69.98962,-153.0938,2002,51,,
Inigok ,69.98962,-153.0938,2003,44,,
Inigok ,69.98962,-153.0938,2004,61,,
Inigok ,69.98962,-153.0938,2005,42,,
Inigok ,69.98962,-153.0938,2006,43,,
Inigok ,69.98962,-153.0938,2007,37,,
Inigok ,69.98962,-153.0938,2008,37,,
Inigok ,69.98962,-153.0938,2009,41,,
Inigok ,69.98962,-153.0938,2010,43,,
Inigok ,69.98962,-153.0938,2011,41,,
Inigok ,69.98962,-153.0938,2012,44,,
Inigok ,69.98962,-153.0938,2013,45,,
Inigok ,69.98962,-153.0938,2014,37,,
Inigok ,69.98962,-153.0938,2015,36,,
Inigok ,69.98962,-153.0938,2016,41,,
,,,,,,
Fish Creek ,70.33523,-152.052,1998,30,,
Fish Creek ,70.33523,-152.052,1999,29,,
Fish Creek ,70.33523,-152.052,2000,28,,
Fish Creek ,70.33523,-152.052,2001,27,,
Fish Creek ,70.33523,-152.052,2002,30,,
Fish Creek ,70.33523,-152.052,2003,28,,
Fish Creek ,70.33523,-152.052,2004,37,,
Fish Creek ,70.33523,-152.052,2005,30,,
Fish Creek ,70.33523,-152.052,2006,29,,
Fish Creek ,70.33523,-152.052,2007,27,,
Fish Creek ,70.33523,-152.052,2008,27,,
Fish Creek ,70.33523,-152.052,2009,29,,
Fish Creek ,70.33523,-152.052,2010,33,,
Fish Creek ,70.33523,-152.052,2011,31,,
Fish Creek ,70.33523,-152.052,2012,34,,
Fish Creek ,70.33523,-152.052,2013,33,,
Fish Creek ,70.33523,-152.052,2014,28,,
Fish Creek ,70.33523,-152.052,2015,29,,
Fish Creek ,70.33523,-152.052,2016,30,,
,,,,,,
Awuna ,69.1704,-158.0067,1998,41,,
Awuna ,69.1704,-158.0067,1999,42,,
Awuna ,69.1704,-158.0067,2000,35,,
Awuna ,69.1704,-158.0067,2001,31,,
Awuna ,69.1704,-158.0067,2002,32,,
Awuna ,69.1704,-158.0067,2003,30,,
,,,,,,
Umiat ,69.3957,-152.1428,1998,42,,
Umiat ,69.3957,-152.1428,1999,41,,
Umiat ,69.3957,-152.1428,2000,33,,
Umiat ,69.3957,-152.1428,2001,32,,
Umiat ,69.3957,-152.1428,2002,35,,
Umiat ,69.3957,-152.1428,2003,32,,
Umiat ,69.3957,-152.1428,2004,43,,
Umiat ,69.3957,-152.1428,2005,28,,
Umiat ,69.3957,-152.1428,2006,40,,
Umiat ,69.3957,-152.1428,2007,31,,
Umiat ,69.3957,-152.1428,2008,35,,
Umiat ,69.3957,-152.1428,2009,35,,
Umiat ,69.3957,-152.1428,2010,37,,
Umiat ,69.3957,-152.1428,2011,39,,
Umiat ,69.3957,-152.1428,2012,40,,
Umiat ,69.3957,-152.1428,2013,38,,
Umiat ,69.3957,-152.1428,2014,37,,
Umiat ,69.3957,-152.1428,2015,34,,
Umiat ,69.3957,-152.1428,2016,34,,
,,,,,,
Tunalik  ,70.1959,-161.0781,1998,44,,
Tunalik  ,70.1959,-161.0781,1999,45,,
Tunalik  ,70.1959,-161.0781,2000,41,,
Tunalik  ,70.1959,-161.0781,2001,41,,
Tunalik  ,70.1959,-161.0781,2002,42,,
Tunalik  ,70.1959,-161.0781,2003,42,,
Tunalik  ,70.1959,-161.0781,2004,55,,
Tunalik  ,70.1959,-161.0781,2005,53,,
Tunalik  ,70.1959,-161.0781,2006,54,,
Tunalik  ,70.1959,-161.0781,2007,63,,
Tunalik  ,70.1959,-161.0781,2008,57,,
Tunalik  ,70.1959,-161.0781,2009,63,,
Tunalik  ,70.1959,-161.0781,2010,64,,
Tunalik  ,70.1959,-161.0781,2011,64,,
Tunalik  ,70.1959,-161.0781,2012,61,,
Tunalik  ,70.1959,-161.0781,2013,58,,
Tunalik  ,70.1959,-161.0781,2014,51,,
Tunalik  ,70.1959,-161.0781,2015,52,,
Tunalik  ,70.1959,-161.0781,2016,54,,
,,,,,,
Niguanak ,69.8894,-142.9839,2001,27,,
Niguanak ,69.8894,-142.9839,2002,30,,
Niguanak ,69.8894,-142.9839,2003,30,,
Niguanak ,69.8894,-142.9839,2004,45,,
Niguanak ,69.8894,-142.9839,2005,37,,
Niguanak ,69.8894,-142.9839,2006,57,,
Niguanak ,69.8894,-142.9839,2007,58,,
Niguanak ,69.8894,-142.9839,2008,55,,
Niguanak ,69.8894,-142.9839,2009,44,,
Niguanak ,69.8894,-142.9839,2010,59,,
Niguanak ,69.8894,-142.9839,2011,60,,
Niguanak ,69.8894,-142.9839,2012,65,,
Niguanak ,69.8894,-142.9839,2013,62,,
Niguanak ,69.8894,-142.9839,2014,45,,
Niguanak ,69.8894,-142.9839,2015,44,,
,,,,,,
Koluktak,69.7516,-154.6176,1999,120,,
Koluktak,69.7516,-154.6176,2000,118,,
Koluktak,69.7516,-154.6176,2001,117,,
Koluktak,69.7516,-154.6176,2002,120,,
Koluktak,69.7516,-154.6176,2003,110,,
Koluktak,69.7516,-154.6176,2004,120,,
Koluktak,69.7516,-154.6176,2005,120,,
Koluktak,69.7516,-154.6176,2006,120,,
Koluktak,69.7516,-154.6176,2007,120,,
Koluktak,69.7516,-154.6176,2008,120,,
Koluktak,69.7516,-154.6176,2009,120,,
Koluktak,69.7516,-154.6176,2010,120,,
Koluktak,69.7516,-154.6176,2011,120,,
Koluktak,69.7516,-154.6176,2012,120,,
Koluktak,69.7516,-154.6176,2013,120,,
Koluktak,69.7516,-154.6176,2014,120,,
Koluktak,69.7516,-154.6176,2015,120,,
Koluktak,69.7516,-154.6176,2016,120,,
,,,,,,
Marsh Creek,69.7776,-144.7933,2002,41,,
Marsh Creek,69.7776,-144.7933,2003,40,,
Marsh Creek,69.7776,-144.7933,2004,51,,
Marsh Creek,69.7776,-144.7933,2005,44,,
Marsh Creek,69.7776,-144.7933,2006,66,,
Marsh Creek,69.7776,-144.7933,2007,66,,
Marsh Creek,69.7776,-144.7933,2008,67,,
Marsh Creek,69.7776,-144.7933,2009,66,,
Marsh Creek,69.7776,-144.7933,2010,48,,
Marsh Creek,69.7776,-144.7933,2014,36,,
Marsh Creek,69.7776,-144.7933,2015,36,,
Marsh Creek,69.7776,-144.7933,2016,41,,
,,,,,,
South Meade,70.6285,-156.8353,2004,42,,
South Meade,70.6285,-156.8353,2005,39,,
South Meade,70.6285,-156.8353,2006,41,,
South Meade,70.6285,-156.8353,2007,40,,
South Meade,70.6285,-156.8353,2008,37,,
South Meade,70.6285,-156.8353,2009,42,,
South Meade,70.6285,-156.8353,2010,43,,
South Meade,70.6285,-156.8353,2011,43,,
South Meade,70.6285,-156.8353,2012,41,,
South Meade,70.6285,-156.8353,2013,45,,
South Meade,70.6285,-156.8353,2014,39,,
,,,,,,
Camden Bay,69.972,-144.7706,2004,42,,
Camden Bay,69.972,-144.7706,2005,47,,
,,,,,,
Awuna2,69.1555,-158.0305,2004,52,,
Awuna2,69.1555,-158.0305,2005,56,,
Awuna2,69.1555,-158.0305,2006,63,,
,,,,,,
Red Sheep Creek,68.6816,-144.8421,2004,59,,
Red Sheep Creek,68.6816,-144.8421,2005,65,,
Red Sheep Creek,68.6816,-144.8421,2006,65,,
Red Sheep Creek,68.6816,-144.8421,2007,68,,
Red Sheep Creek,68.6816,-144.8421,2008,64,,
Red Sheep Creek,68.6816,-144.8421,2009,68,,
Red Sheep Creek,68.6816,-144.8421,2010,76,,
,,,,,,
Piksiksak,70.0366,-157.0814,2004,34,,
Piksiksak,70.0366,-157.0814,2005,40,,
Piksiksak,70.0366,-157.0814,2006,50,,
Piksiksak,70.0366,-157.0814,2007,55,,
Piksiksak,70.0366,-157.0814,2008,53,,
Piksiksak,70.0366,-157.0814,2009,55,,
Piksiksak,70.0366,-157.0814,2010,55,,
Piksiksak,70.0366,-157.0814,2011,54,,
Piksiksak,70.0366,-157.0814,2012,49,,
Piksiksak,70.0366,-157.0814,2013,53,,
Piksiksak,70.0366,-157.0814,2014,46,,
Piksiksak,70.0366,-157.0814,2015,45,,
Piksiksak,70.0366,-157.0814,2016,45,,
,,,,,,
East Teshekpuk,70.5685,-152.965,2004,24,,
East Teshekpuk,70.5685,-152.965,2005,27,,
East Teshekpuk,70.5685,-152.965,2006,32,,
East Teshekpuk,70.5685,-152.965,2007,31,,
East Teshekpuk,70.5685,-152.965,2008,34,,
East Teshekpuk,70.5685,-152.965,2009,33,,
East Teshekpuk,70.5685,-152.965,2010,36,,
East Teshekpuk,70.5685,-152.965,2011,34,,
East Teshekpuk,70.5685,-152.965,2012,38,,
East Teshekpuk,70.5685,-152.965,2013,35,,
East Teshekpuk,70.5685,-152.965,2014,25,,
East Teshekpuk,70.5685,-152.965,2015,29,,
East Teshekpuk,70.5685,-152.965,2016,31,,
,,,,,,
Parsons Lake ,68.96667,-133.55,1990,88.70967742,,
Parsons Lake ,68.96667,-133.55,1991,89.0625,,
Parsons Lake ,68.96667,-133.55,1992,87.93103448,,
Parsons Lake ,68.96667,-133.55,1993,86.84210526,,
Parsons Lake ,68.96667,-133.55,1994,94,,
Parsons Lake ,68.96667,-133.55,1995,94.59459459,,
Parsons Lake ,68.96667,-133.55,1996,91.66666667,,
,,,,,,
Pump Station   ,65.28333,-126.8833,1989,89.47368421,,
Pump Station   ,65.28333,-126.8833,1990,50,,
Pump Station   ,65.28333,-126.8833,1991,92.5,,
Pump Station   ,65.28333,-126.8833,1992,149.5535714,,
Pump Station   ,65.28333,-126.8833,1993,149.9150595,,
Pump Station   ,65.28333,-126.8833,1994,90,,
Pump Station   ,65.28333,-126.8833,1995,70,,
Pump Station   ,65.28333,-126.8833,1996,70.45454545,,
,,,,,,
Great Bear River   ,64.91667,-125.5833,1988,72.4137931,,
Great Bear River   ,64.91667,-125.5833,1989,66.15384615,,
Great Bear River   ,64.91667,-125.5833,1990,75,,
Great Bear River   ,64.91667,-125.5833,1991,80.55555556,,
Great Bear River   ,64.91667,-125.5833,1992,83.33333333,,
Great Bear River   ,64.91667,-125.5833,1993,84.09090909,,
Great Bear River   ,64.91667,-125.5833,1994,86,,
Great Bear River   ,64.91667,-125.5833,1995,58.33333333,,
Great Bear River   ,64.91667,-125.5833,1996,91.30434783,,
,,,,,,
Lake Hazen; Ellesmere Island   ,81.40072,-71.38333,1994,47,,
Lake Hazen; Ellesmere Island   ,81.40072,-71.38333,1995,51,,
Lake Hazen; Ellesmere Island   ,81.40072,-71.38333,1996,47,,
Lake Hazen; Ellesmere Island   ,81.40072,-71.38333,1997,46,,
Lake Hazen; Ellesmere Island   ,81.40072,-71.38333,1998,52,,
Lake Hazen; Ellesmere Island   ,81.40072,-71.38333,1999,43,,
,,,,,,
Sheldrake River   ,56.63333,-76.1,1990,121,,
Sheldrake River   ,56.63333,-76.1,1991,134,,
Sheldrake River   ,56.63333,-76.1,1992,107,,
Sheldrake River   ,56.63333,-76.1,1993,131,,
Sheldrake River   ,56.63333,-76.1,1994,134,,
Sheldrake River   ,56.63333,-76.1,1996,154,,
Sheldrake River   ,56.63333,-76.1,1997,157,,
,,,,,,
Baker Lake   ,64.16667,-95.5,1997,120,,
Baker Lake   ,64.16667,-95.5,1998,170,,
Baker Lake   ,64.16667,-95.5,1999,174,,
Baker Lake   ,64.16667,-95.5,2000,189,,
Baker Lake   ,64.16667,-95.5,2001,193,,
Baker Lake   ,64.16667,-95.5,2004,178,,
,,,,,,
Marmot Mountain   ,52.8,-118.1167,1990,336,,
Marmot Mountain   ,52.8,-118.1167,1991,352,,
Marmot Mountain   ,52.8,-118.1167,1992,362,,
Marmot Mountain   ,52.8,-118.1167,1993,220,,
Marmot Mountain   ,52.8,-118.1167,1994,354,,
Marmot Mountain   ,52.8,-118.1167,1995,272,,
Marmot Mountain   ,52.8,-118.1167,1996,240,,
Marmot Mountain   ,52.8,-118.1167,1997,192,,
Marmot Mountain   ,52.8,-118.1167,1999,342,,
Marmot Mountain   ,52.8,-118.1167,2000,96,,
Marmot Mountain   ,52.8,-118.1167,2001,152,,
Marmot Mountain   ,52.8,-118.1167,2002,84,,
,,,,,,
"Janssonhaugen, Svalbard ",78.1793,16.467,1998,152,,
"Janssonhaugen, Svalbard ",78.1793,16.467,1999,161,,
"Janssonhaugen, Svalbard ",78.1793,16.467,2000,157,,
"Janssonhaugen, Svalbard ",78.1793,16.467,2001,159,,
"Janssonhaugen, Svalbard ",78.1793,16.467,2002,172,,
"Janssonhaugen, Svalbard ",78.1793,16.467,2003,170,,
"Janssonhaugen, Svalbard ",78.1793,16.467,2004,174,,
"Janssonhaugen, Svalbard ",78.1793,16.467,2005,166,,
"Janssonhaugen, Svalbard ",78.1793,16.467,2006,182,,
"Janssonhaugen, Svalbard ",78.1793,16.467,2007,177,,
"Janssonhaugen, Svalbard ",78.1793,16.467,2008,168,,
"Janssonhaugen, Svalbard ",78.1793,16.467,2009,176,,
"Janssonhaugen, Svalbard ",78.1793,16.467,2010,184,,
"Janssonhaugen, Svalbard ",78.1793,16.467,2011,185,,
"Janssonhaugen, Svalbard ",78.1793,16.467,2012,177,,
"Janssonhaugen, Svalbard ",78.1793,16.467,2013,180,,
"Janssonhaugen, Svalbard ",78.1793,16.467,2014,181,,
"Janssonhaugen, Svalbard ",78.1793,16.467,2015,191,,
"Janssonhaugen, Svalbard ",78.1793,16.467,2016,197,,
"Janssonhaugen, Svalbard ",78.1793,16.467,2017,185,,
"Janssonhaugen, Svalbard ",78.1793,16.467,2018,187,,
"Janssonhaugen, Svalbard ",78.1793,16.467,2019,189,,
"Janssonhaugen, Svalbard ",78.1793,16.467,2020,188,,
"Janssonhaugen, Svalbard ",78.1793,16.467,2021,159,,
"Janssonhaugen, Svalbard ",78.1793,16.467,2022,180,,
"Janssonhaugen, Svalbard ",78.1793,16.467,2023,204,,
"Janssonhaugen, Svalbard ",78.1793,16.467,2024,218,,
,,,,,,
"Juvvasshøe, Norway",61.6775823,8.3693057,1999,215,,
"Juvvasshøe, Norway",61.6775823,8.3693057,2000,198,,
"Juvvasshøe, Norway",61.6775823,8.3693057,2001,198,,
"Juvvasshøe, Norway",61.6775823,8.3693057,2002,241,,
"Juvvasshøe, Norway",61.6775823,8.3693057,2003,241,,
"Juvvasshøe, Norway",61.6775823,8.3693057,2004,221,,
"Juvvasshøe, Norway",61.6775823,8.3693057,2005,224,,
"Juvvasshøe, Norway",61.6775823,8.3693057,2006,242,,
"Juvvasshøe, Norway",61.6775823,8.3693057,2007,215,,
"Juvvasshøe, Norway",61.6775823,8.3693057,2008,220,,
"Juvvasshøe, Norway",61.6775823,8.3693057,2009,231,,
"Juvvasshøe, Norway",61.6775823,8.3693057,2010,217,,
"Juvvasshøe, Norway",61.6775823,8.3693057,2011,232,,
"Juvvasshøe, Norway",61.6775823,8.3693057,2013,212,,
"Juvvasshøe, Norway",61.6775823,8.3693057,2014,243,,
"Juvvasshøe, Norway",61.6775823,8.3693057,2015,216,,
"Juvvasshøe, Norway",61.6775823,8.3693057,2016,235,,
"Juvvasshøe, Norway",61.6775823,8.3693057,2017,211,,
"Juvvasshøe, Norway",61.6775823,8.3693057,2018,244,,
"Juvvasshøe, Norway",61.6775823,8.3693057,2019,242,,
"Juvvasshøe, Norway",61.6775823,8.3693057,2020,243,,
"Juvvasshøe, Norway",61.6775823,8.3693057,2021,246,,
"Juvvasshøe, Norway",61.6775823,8.3693057,2022,239,,
"Juvvasshøe, Norway",61.6775823,8.3693057,2023,244,,
"Juvvasshøe, Norway",61.6775823,8.3693057,2024,242,,
,,,,,,
,,,,,,
"Snøheim DB2, Norway",62.2958,9.352,2002,488,,
"Snøheim DB2, Norway",62.2958,9.352,2003,486,,
"Snøheim DB2, Norway",62.2958,9.352,2004,489,,
"Snøheim DB2, Norway",62.2958,9.352,2005,488,,
"Snøheim DB2, Norway",62.2958,9.352,2006,494,,
"Snøheim DB2, Norway",62.2958,9.352,2008,521,,
"Snøheim DB2, Norway",62.2958,9.352,2014,540,,
"Snøheim DB2, Norway",62.2958,9.352,2015,520,,
"Snøheim DB2, Norway",62.2958,9.352,2016,540,,
"Snøheim DB2, Norway",62.2958,9.352,2017,542,,
"Snøheim DB2, Norway",62.2958,9.352,2018,546,,
"Snøheim DB2, Norway",62.2958,9.352,2019,547,,
"Snøheim DB2, Norway",62.2958,9.352,2020,552,,
"Snøheim DB2, Norway",62.2958,9.352,2021,659,,
"Snøheim DB2, Norway",62.2958,9.352,2022,669,,
"Snøheim DB2, Norway",62.2958,9.352,2023,703,,
"Snøheim DB2, Norway",62.2958,9.352,2024,712,,
,,,,,,
Calypsostranda1,77.558,14.433,1986,90,,
Calypsostranda1,77.558,14.433,1987,111,,
Calypsostranda1,77.558,14.433,1988,108,,
Calypsostranda1,77.558,14.433,1989,145,,
Calypsostranda1,77.558,14.433,1990,130,,
Calypsostranda1,77.558,14.433,1991,127,,
Calypsostranda1,77.558,14.433,1992,140,,
Calypsostranda1,77.558,14.433,1993,112,,
Calypsostranda1,77.558,14.433,1995,125,,
Calypsostranda1,77.558,14.433,1996,125,,
Calypsostranda1,77.558,14.433,1998,130,,
Calypsostranda2,77.558,14.463,1986,125,,
Calypsostranda2,77.558,14.463,1987,175,,
Calypsostranda2,77.558,14.463,1988,163,,
Calypsostranda2,77.558,14.463,1989,165,,
Calypsostranda2,77.558,14.463,1990,165,,
Calypsostranda2,77.558,14.463,1991,148,,
Calypsostranda2,77.558,14.463,1992,170,,
Calypsostranda2,77.558,14.463,1993,180,,
Calypsostranda2,77.558,14.463,1995,176,,
Calypsostranda2,77.558,14.463,1996,154,,
Calypsostranda2,77.558,14.463,1998,124,,
Calypsostranda3,77.558,14.493,1986,120,,
Calypsostranda3,77.558,14.493,1987,175,,
Calypsostranda3,77.558,14.493,1988,168,,
Calypsostranda3,77.558,14.493,1989,157,,
Calypsostranda3,77.558,14.493,1990,165,,
Calypsostranda3,77.558,14.493,1991,163,,
Calypsostranda3,77.558,14.493,1992,165,,
Calypsostranda3,77.558,14.493,1993,180,,
Calypsostranda3,77.558,14.493,1995,180,,
Calypsostranda3,77.558,14.493,1996,178,,
Calypsostranda3,77.558,14.493,1998,121,,
Calypsostranda4,77.558,14.523,1987,175,,
Calypsostranda4,77.558,14.523,1988,193,,
Calypsostranda4,77.558,14.523,1989,180,,
Calypsostranda4,77.558,14.523,1990,165,,
Calypsostranda4,77.558,14.523,1991,170,,
Calypsostranda4,77.558,14.523,1992,180,,
Calypsostranda4,77.558,14.523,1993,196,,
Calypsostranda4,77.558,14.523,1995,174,,
Calypsostranda4,77.558,14.523,1996,168,,
Calypsostranda4,77.558,14.523,1998,170,,
Calypsostranda5,77.558,14.553,1986,60,,
Calypsostranda5,77.558,14.553,1987,68,,
Calypsostranda5,77.558,14.553,1988,70,,
Calypsostranda5,77.558,14.553,1989,83,,
Calypsostranda5,77.558,14.553,1990,56,,
Calypsostranda5,77.558,14.553,1991,75,,
Calypsostranda5,77.558,14.553,1992,70,,
Calypsostranda5,77.558,14.553,1993,70,,
Calypsostranda5,77.558,14.553,1995,68,,
Calypsostranda5,77.558,14.553,1996,65,,
Calypsostranda5,77.558,14.553,1998,75,,
Calypsostranda6,77.558,14.583,1987,124,,
Calypsostranda6,77.558,14.583,1988,148,,
Calypsostranda6,77.558,14.583,1989,155,,
Calypsostranda6,77.558,14.583,1990,137,,
Calypsostranda6,77.558,14.583,1991,155,,
Calypsostranda6,77.558,14.583,1992,145,,
Calypsostranda6,77.558,14.583,1993,165,,
Calypsostranda6,77.558,14.583,1995,174,,
Calypsostranda6,77.558,14.583,1996,151,,
Calypsostranda6,77.558,14.583,1998,150,,
Calypsostranda7,77.583,14.453,1986,130,,
Calypsostranda7,77.583,14.453,1987,107,,
Calypsostranda7,77.583,14.453,1988,112,,
Calypsostranda7,77.583,14.453,1989,130,,
Calypsostranda7,77.583,14.453,1990,118,,
Calypsostranda7,77.583,14.453,1991,141,,
Calypsostranda7,77.583,14.453,1992,110,,
Calypsostranda7,77.583,14.453,1993,130,,
Calypsostranda7,77.583,14.453,1995,115,,
Calypsostranda7,77.583,14.453,1996,112,,
Calypsostranda8,77.578,14.453,1986,120,,
Calypsostranda8,77.578,14.453,1987,124,,
Calypsostranda8,77.578,14.453,1988,121,,
Calypsostranda8,77.578,14.453,1989,135,,
Calypsostranda8,77.578,14.453,1990,116,,
Calypsostranda8,77.578,14.453,1991,118,,
Calypsostranda8,77.578,14.453,1992,140,,
Calypsostranda8,77.578,14.453,1993,130,,
Calypsostranda8,77.578,14.453,1995,135,,
Calypsostranda8,77.578,14.453,1996,132,,
Calypsostranda9,77.573,14.453,1986,130,,
Calypsostranda9,77.573,14.453,1987,91,,
Calypsostranda9,77.573,14.453,1988,115,,
Calypsostranda9,77.573,14.453,1989,125,,
Calypsostranda9,77.573,14.453,1990,105,,
Calypsostranda9,77.573,14.453,1991,118,,
Calypsostranda9,77.573,14.453,1992,87,,
Calypsostranda9,77.573,14.453,1993,110,,
Calypsostranda9,77.573,14.453,1995,122,,
Calypsostranda9,77.573,14.453,1996,116,,
Calypsostranda10,77.583,14.473,1986,140,,
Calypsostranda10,77.583,14.473,1987,139,,
Calypsostranda10,77.583,14.473,1988,180,,
Calypsostranda10,77.583,14.473,1989,135,,
Calypsostranda10,77.583,14.473,1990,115,,
Calypsostranda10,77.583,14.473,1991,140,,
Calypsostranda10,77.583,14.473,1992,135,,
Calypsostranda10,77.583,14.473,1993,130,,
Calypsostranda10,77.583,14.473,1995,132,,
Calypsostranda10,77.583,14.473,1996,130,,
Calypsostranda11,77.577,14.473,1986,115,,
Calypsostranda11,77.577,14.473,1987,100,,
Calypsostranda11,77.577,14.473,1988,105,,
Calypsostranda11,77.577,14.473,1989,120,,
Calypsostranda11,77.577,14.473,1990,93,,
Calypsostranda11,77.577,14.473,1991,197,,
Calypsostranda11,77.577,14.473,1992,110,,
Calypsostranda11,77.577,14.473,1993,120,,
Calypsostranda11,77.577,14.473,1995,115,,
Calypsostranda11,77.577,14.473,1996,110,,
Calypsostranda12,77.571,14.473,1986,125,,
Calypsostranda12,77.571,14.473,1987,107,,
Calypsostranda12,77.571,14.473,1988,166,,
Calypsostranda12,77.571,14.473,1989,160,,
Calypsostranda12,77.571,14.473,1990,120,,
Calypsostranda12,77.571,14.473,1991,130,,
Calypsostranda12,77.571,14.473,1992,140,,
Calypsostranda12,77.571,14.473,1993,160,,
Calypsostranda12,77.571,14.473,1995,160,,
Calypsostranda12,77.571,14.473,1996,156,,
Calypsostranda13,77.533,14.493,1987,112,,
Calypsostranda13,77.533,14.493,1988,116,,
Calypsostranda13,77.533,14.493,1989,122,,
Calypsostranda13,77.533,14.493,1990,135,,
Calypsostranda13,77.533,14.493,1991,150,,
Calypsostranda13,77.533,14.493,1992,180,,
Calypsostranda13,77.533,14.493,1993,180,,
Calypsostranda13,77.533,14.493,1995,123,,
Calypsostranda13,77.533,14.493,1996,120,,
Calypsostranda14,77.539,14.493,1987,96,,
Calypsostranda14,77.539,14.493,1988,177,,
Calypsostranda14,77.539,14.493,1989,136,,
Calypsostranda14,77.539,14.493,1990,75,,
Calypsostranda14,77.539,14.493,1991,65,,
Calypsostranda14,77.539,14.493,1992,130,,
Calypsostranda14,77.539,14.493,1993,115,,
Calypsostranda14,77.539,14.493,1995,160,,
Calypsostranda14,77.539,14.493,1996,145,,
Calypsostranda15,77.545,14.493,1987,150,,
Calypsostranda15,77.545,14.493,1988,180,,
Calypsostranda15,77.545,14.493,1989,160,,
Calypsostranda15,77.545,14.493,1990,115,,
Calypsostranda15,77.545,14.493,1991,112,,
Calypsostranda15,77.545,14.493,1992,118,,
Calypsostranda15,77.545,14.493,1993,180,,
Calypsostranda15,77.545,14.493,1995,170,,
Calypsostranda15,77.545,14.493,1996,160,,
Calypsostranda16,77.543,14.513,1986,90,,
Calypsostranda16,77.543,14.513,1987,98,,
Calypsostranda16,77.543,14.513,1988,83,,
Calypsostranda16,77.543,14.513,1989,87,,
Calypsostranda16,77.543,14.513,1990,95,,
Calypsostranda16,77.543,14.513,1991,110,,
Calypsostranda16,77.543,14.513,1992,98,,
Calypsostranda16,77.543,14.513,1993,85,,
Calypsostranda16,77.543,14.513,1995,87,,
Calypsostranda16,77.543,14.513,1996,76,,
Calypsostranda16,77.543,14.513,1998,122,,
Calypsostranda17,77.543,14.533,1986,115,,
Calypsostranda17,77.543,14.533,1987,98,,
Calypsostranda17,77.543,14.533,1988,115,,
Calypsostranda17,77.543,14.533,1989,133,,
Calypsostranda17,77.543,14.533,1990,110,,
Calypsostranda17,77.543,14.533,1991,130,,
Calypsostranda17,77.543,14.533,1992,125,,
Calypsostranda17,77.543,14.533,1993,120,,
Calypsostranda17,77.543,14.533,1995,128,,
Calypsostranda17,77.543,14.533,1996,124,,
Calypsostranda17,77.543,14.533,1998,160,,
Calypsostranda18,77.543,14.553,1986,145,,
Calypsostranda18,77.543,14.553,1987,165,,
Calypsostranda18,77.543,14.553,1988,177,,
Calypsostranda18,77.543,14.553,1989,186,,
Calypsostranda18,77.543,14.553,1990,170,,
Calypsostranda18,77.543,14.553,1991,165,,
Calypsostranda18,77.543,14.553,1992,155,,
Calypsostranda18,77.543,14.553,1993,180,,
Calypsostranda18,77.543,14.553,1995,160,,
Calypsostranda18,77.543,14.553,1996,151,,
Calypsostranda18,77.543,14.553,1998,154,,
Calypsostranda19,77.548,14.503,1986,122,,
Calypsostranda19,77.548,14.503,1987,125,,
Calypsostranda19,77.548,14.503,1988,127,,
Calypsostranda19,77.548,14.503,1989,139,,
Calypsostranda19,77.548,14.503,1990,122,,
Calypsostranda19,77.548,14.503,1991,121,,
Calypsostranda19,77.548,14.503,1992,122,,
Calypsostranda19,77.548,14.503,1993,140,,
Calypsostranda19,77.548,14.503,1995,140,,
Calypsostranda19,77.548,14.503,1996,128,,
Calypsostranda20,77.548,14.488,1986,115,,
Calypsostranda20,77.548,14.488,1987,110,,
Calypsostranda20,77.548,14.488,1988,120,,
Calypsostranda20,77.548,14.488,1989,123,,
Calypsostranda20,77.548,14.488,1990,114,,
Calypsostranda20,77.548,14.488,1991,115,,
Calypsostranda20,77.548,14.488,1992,112,,
Calypsostranda20,77.548,14.488,1993,123,,
Calypsostranda20,77.548,14.488,1995,110,,
Calypsostranda20,77.548,14.488,1996,98,,
Calypsostranda21,77.548,14.473,1986,122,,
Calypsostranda21,77.548,14.473,1987,130,,
Calypsostranda21,77.548,14.473,1988,135,,
Calypsostranda21,77.548,14.473,1989,139,,
Calypsostranda21,77.548,14.473,1990,120,,
Calypsostranda21,77.548,14.473,1991,118,,
Calypsostranda21,77.548,14.473,1992,125,,
Calypsostranda21,77.548,14.473,1993,140,,
Calypsostranda21,77.548,14.473,1995,120,,
Calypsostranda21,77.548,14.473,1996,124,,
Calypsostranda22,77.531,14.483,1986,122,,
Calypsostranda22,77.531,14.483,1987,85,,
Calypsostranda22,77.531,14.483,1988,93,,
Calypsostranda22,77.531,14.483,1989,92,,
Calypsostranda22,77.531,14.483,1990,115,,
Calypsostranda22,77.531,14.483,1991,108,,
Calypsostranda22,77.531,14.483,1992,98,,
Calypsostranda22,77.531,14.483,1993,80,,
Calypsostranda22,77.531,14.483,1995,97,,
Calypsostranda22,77.531,14.483,1996,103,,
Calypsostranda23,77.529,14.493,1986,150,,
Calypsostranda23,77.529,14.493,1987,150,,
Calypsostranda23,77.529,14.493,1988,170,,
Calypsostranda23,77.529,14.493,1989,186,,
Calypsostranda23,77.529,14.493,1990,160,,
Calypsostranda23,77.529,14.493,1991,165,,
Calypsostranda23,77.529,14.493,1992,155,,
Calypsostranda23,77.529,14.493,1993,180,,
Calypsostranda23,77.529,14.493,1995,170,,
Calypsostranda23,77.529,14.493,1996,151,,
Calypsostranda23,77.529,14.493,1998,165,,
,,,,,,
Kafføyra Beach,78.733333,11.716667,1996,118,,
Kafføyra Beach,78.733333,11.716667,1997,124,,
Kafføyra Beach,78.733333,11.716667,1998,109,,
Kafføyra Beach,78.733333,11.716667,1999,120,,
Kafføyra Beach,78.733333,11.716667,2000,117,,
Kafføyra Beach,78.733333,11.716667,2001,122,,
Kafføyra Beach,78.733333,11.716667,2002,128,,
Kafføyra Tundra A,78.738333,11.711667,1996,145,,
Kafføyra Tundra A,78.738333,11.711667,1997,148,,
Kafføyra Tundra A,78.738333,11.711667,1998,113,,
Kafføyra Tundra A,78.738333,11.711667,1999,165,,
Kafføyra Tundra A,78.738333,11.711667,2000,156,,
Kafføyra Tundra A,78.738333,11.711667,2001,158,,
Kafføyra Tundra A,78.738333,11.711667,2002,168,,
Kafføyra Tundra B,78.728333,11.721667,1996,205,,
Kafføyra Tundra B,78.728333,11.721667,1997,182,,
Kafføyra Tundra B,78.728333,11.721667,1998,178,,
Kafføyra Tundra B,78.728333,11.721667,1999,200,,
Kafføyra Tundra B,78.728333,11.721667,2000,210,,
Kafføyra Tundra B,78.728333,11.721667,2001,219,,
Kafføyra Tundra B,78.728333,11.721667,2002,170,,
,,,,,,
Flüela,46.74886908,9.943555422,2003,300,,
Flüela,46.74886908,9.943555422,2004,290,,
Flüela,46.74886908,9.943555422,2005,290,,
Flüela,46.74886908,9.943555422,2006,300,,
Flüela,46.74886908,9.943555422,2007,300,,
Flüela,46.74886908,9.943555422,2008,300,,
Flüela,46.74886908,9.943555422,2009,300,,
Flüela,46.74886908,9.943555422,2010,290,,
Flüela,46.74886908,9.943555422,2011,300,,
Flüela,46.74886908,9.943555422,2012,300,,
Flüela,46.74886908,9.943555422,2013,300,,
Flüela,46.74886908,9.943555422,2014,300,,
Flüela,46.74886908,9.943555422,2016,290,,
Flüela,46.74886908,9.943555422,2017,290,,
Flüela,46.74886908,9.943555422,2018,290,,
Flüela,46.74886908,9.943555422,2019,280,,
Flüela,46.74886908,9.943555422,2020,290,,
Flüela,46.74886908,9.943555422,2021,280,,
Flüela,46.74886908,9.943555422,2022,290,,
,,,,,,
Gentianes,46.08370604,7.302484457,2003,140,,
Gentianes,46.08370604,7.302484457,2004,140,,
Gentianes,46.08370604,7.302484457,2005,150,,
Gentianes,46.08370604,7.302484457,2006,140,,
Gentianes,46.08370604,7.302484457,2007,150,,
Gentianes,46.08370604,7.302484457,2009,210,,
Gentianes,46.08370604,7.302484457,2010,200,,
Gentianes,46.08370604,7.302484457,2011,280,,
Gentianes,46.08370604,7.302484457,2012,330,,
Gentianes,46.08370604,7.302484457,2013,400,,
Gentianes,46.08370604,7.302484457,2014,470,,
Gentianes,46.08370604,7.302484457,2015,500,,
Gentianes,46.08370604,7.302484457,2016,440,,
Gentianes,46.08370604,7.302484457,2017,490,,
Gentianes,46.08370604,7.302484457,2018,500,,
Gentianes,46.08370604,7.302484457,2019,520,,
Gentianes,46.08370604,7.302484457,2020,510,,
Gentianes,46.08370604,7.302484457,2021,590,,
,,,,,,
Lapires-1,46.1061174,7.284361268,1999,370,,
Lapires-1,46.1061174,7.284361268,2000,380,,
Lapires-1,46.1061174,7.284361268,2001,390,,
Lapires-1,46.1061174,7.284361268,2003,440,,
Lapires-1,46.1061174,7.284361268,2004,450,,
Lapires-1,46.1061174,7.284361268,2005,460,,
Lapires-1,46.1061174,7.284361268,2007,460,,
Lapires-1,46.1061174,7.284361268,2009,510,,
Lapires-1,46.1061174,7.284361268,2010,540,,
Lapires-1,46.1061174,7.284361268,2011,560,,
Lapires-1,46.1061174,7.284361268,2012,560,,
Lapires-1,46.1061174,7.284361268,2013,560,,
Lapires-1,46.1061174,7.284361268,2014,570,,
Lapires-1,46.1061174,7.284361268,2015,560,,
Lapires-1,46.1061174,7.284361268,2016,560,,
Lapires-1,46.1061174,7.284361268,2017,560,,
Lapires-1,46.1061174,7.284361268,2018,640,,
Lapires-1,46.1061174,7.284361268,2019,650,,
Lapires-1,46.1061174,7.284361268,2020,660,,
Lapires-1,46.1061174,7.284361268,2021,640,,
Lapires-1,46.1061174,7.284361268,2022,670,,
Lapires-1,46.1061174,7.284361268,2023,670,,
Lapires-1,46.1061174,7.284361268,2024,670,,
,,,,,,
Lapires-2,46.10622586,7.284736005,2009,450,,
Lapires-2,46.10622586,7.284736005,2010,440,,
Lapires-2,46.10622586,7.284736005,2011,460,,
Lapires-2,46.10622586,7.284736005,2012,480,,
Lapires-2,46.10622586,7.284736005,2015,530,,
Lapires-2,46.10622586,7.284736005,2016,530,,
Lapires-2,46.10622586,7.284736005,2018,610,,
Lapires-2,46.10622586,7.284736005,2019,600,,
Lapires-2,46.10622586,7.284736005,2020,620,,
Lapires-2,46.10622586,7.284736005,2021,610,,
Lapires-2,46.10622586,7.284736005,2022,600,,
Lapires-2,46.10622586,7.284736005,2023,900,,
Lapires-2,46.10622586,7.284736005,2024,970,,
,,,,,,
Lapires-3,46.10563988,7.283819462,2010,440,,
Lapires-3,46.10563988,7.283819462,2011,460,,
Lapires-3,46.10563988,7.283819462,2012,450,,
Lapires-3,46.10563988,7.283819462,2013,460,,
Lapires-3,46.10563988,7.283819462,2014,470,,
Lapires-3,46.10563988,7.283819462,2015,470,,
Lapires-3,46.10563988,7.283819462,2016,470,,
Lapires-3,46.10563988,7.283819462,2017,470,,
Lapires-3,46.10563988,7.283819462,2018,470,,
Lapires-3,46.10563988,7.283819462,2019,520,,
Lapires-3,46.10563988,7.283819462,2020,620,,
Lapires-3,46.10563988,7.283819462,2021,600,,
Lapires-3,46.10563988,7.283819462,2022,520,,
Lapires-3,46.10563988,7.283819462,2023,570,,
Lapires-3,46.10563988,7.283819462,2024,730,,
,,,,,,
LesAttelas-1,46.09677293,7.273086698,2009,390,,
LesAttelas-1,46.09677293,7.273086698,2010,380,,
LesAttelas-1,46.09677293,7.273086698,2011,390,,
LesAttelas-1,46.09677293,7.273086698,2012,390,,
LesAttelas-1,46.09677293,7.273086698,2013,390,,
LesAttelas-1,46.09677293,7.273086698,2014,390,,
LesAttelas-1,46.09677293,7.273086698,2015,400,,
LesAttelas-1,46.09677293,7.273086698,2016,400,,
LesAttelas-1,46.09677293,7.273086698,2017,400,,
LesAttelas-1,46.09677293,7.273086698,2018,400,,
LesAttelas-1,46.09677293,7.273086698,2019,420,,
LesAttelas-1,46.09677293,7.273086698,2020,460,,
LesAttelas-1,46.09677293,7.273086698,2021,430,,
LesAttelas-1,46.09677293,7.273086698,2022,470,,
LesAttelas-1,46.09677293,7.273086698,2023,490,,
LesAttelas-1,46.09677293,7.273086698,2024,500,,
,,,,,,
LesAttelas-2,46.09674684,7.273694506,2009,580,,
LesAttelas-2,46.09674684,7.273694506,2010,540,,
LesAttelas-2,46.09674684,7.273694506,2011,500,,
LesAttelas-2,46.09674684,7.273694506,2012,500,,
LesAttelas-2,46.09674684,7.273694506,2013,550,,
LesAttelas-2,46.09674684,7.273694506,2014,500,,
LesAttelas-2,46.09674684,7.273694506,2015,500,,
LesAttelas-2,46.09674684,7.273694506,2016,500,,
LesAttelas-2,46.09674684,7.273694506,2017,500,,
LesAttelas-2,46.09674684,7.273694506,2018,500,,
LesAttelas-2,46.09674684,7.273694506,2019,560,,
LesAttelas-2,46.09674684,7.273694506,2020,590,,
LesAttelas-2,46.09674684,7.273694506,2021,580,,
LesAttelas-2,46.09674684,7.273694506,2022,580,,
LesAttelas-2,46.09674684,7.273694506,2023,590,,
LesAttelas-2,46.09674684,7.273694506,2024,600,,
,,,,,,
Matterhorn,45.98230789,7.67608281,2006,320,,
Matterhorn,45.98230789,7.67608281,2007,330,,
Matterhorn,45.98230789,7.67608281,2008,290,,
Matterhorn,45.98230789,7.67608281,2009,370,,
Matterhorn,45.98230789,7.67608281,2010,300,,
Matterhorn,45.98230789,7.67608281,2011,360,,
Matterhorn,45.98230789,7.67608281,2012,340,,
Matterhorn,45.98230789,7.67608281,2013,340,,
Matterhorn,45.98230789,7.67608281,2014,270,,
Matterhorn,45.98230789,7.67608281,2016,460,,
Matterhorn,45.98230789,7.67608281,2017,370,,
Matterhorn,45.98230789,7.67608281,2019,510,,
Matterhorn,45.98230789,7.67608281,2020,450,,
Matterhorn,45.98230789,7.67608281,2021,300,,
Matterhorn,45.98230789,7.67608281,2022,530,,
Matterhorn,45.98230789,7.67608281,2023,500,,
Matterhorn,45.98230789,7.67608281,2024,380,,
,,,,,,
MuotdaBarbaPeider-1,46.49640134,9.931082373,1997,70,,
MuotdaBarbaPeider-1,46.49640134,9.931082373,1998,90,,
MuotdaBarbaPeider-1,46.49640134,9.931082373,1999,90,,
MuotdaBarbaPeider-1,46.49640134,9.931082373,2000,70,,
MuotdaBarbaPeider-1,46.49640134,9.931082373,2001,80,,
MuotdaBarbaPeider-1,46.49640134,9.931082373,2002,80,,
MuotdaBarbaPeider-1,46.49640134,9.931082373,2003,160,,
MuotdaBarbaPeider-1,46.49640134,9.931082373,2004,100,,
MuotdaBarbaPeider-1,46.49640134,9.931082373,2005,90,,
MuotdaBarbaPeider-1,46.49640134,9.931082373,2006,110,,
MuotdaBarbaPeider-1,46.49640134,9.931082373,2007,100,,
MuotdaBarbaPeider-1,46.49640134,9.931082373,2008,100,,
MuotdaBarbaPeider-1,46.49640134,9.931082373,2015,170,,
MuotdaBarbaPeider-1,46.49640134,9.931082373,2016,140,,
MuotdaBarbaPeider-1,46.49640134,9.931082373,2017,170,,
MuotdaBarbaPeider-1,46.49640134,9.931082373,2018,170,,
MuotdaBarbaPeider-1,46.49640134,9.931082373,2019,170,,
MuotdaBarbaPeider-1,46.49640134,9.931082373,2020,180,,
MuotdaBarbaPeider-1,46.49640134,9.931082373,2021,180,,
,,,,0,,
MuotdaBarbaPeider-2,46.49657402,9.931416133,1997,170,,
MuotdaBarbaPeider-2,46.49657402,9.931416133,1998,190,,
MuotdaBarbaPeider-2,46.49657402,9.931416133,1999,190,,
MuotdaBarbaPeider-2,46.49657402,9.931416133,2000,190,,
MuotdaBarbaPeider-2,46.49657402,9.931416133,2001,190,,
MuotdaBarbaPeider-2,46.49657402,9.931416133,2002,190,,
MuotdaBarbaPeider-2,46.49657402,9.931416133,2003,250,,
MuotdaBarbaPeider-2,46.49657402,9.931416133,2004,220,,
MuotdaBarbaPeider-2,46.49657402,9.931416133,2005,200,,
MuotdaBarbaPeider-2,46.49657402,9.931416133,2006,200,,
MuotdaBarbaPeider-2,46.49657402,9.931416133,2007,200,,
MuotdaBarbaPeider-2,46.49657402,9.931416133,2008,200,,
MuotdaBarbaPeider-2,46.49657402,9.931416133,2009,200,,
MuotdaBarbaPeider-2,46.49657402,9.931416133,2010,200,,
MuotdaBarbaPeider-2,46.49657402,9.931416133,2011,280,,
MuotdaBarbaPeider-2,46.49657402,9.931416133,2012,280,,
MuotdaBarbaPeider-2,46.49657402,9.931416133,2013,300,,
MuotdaBarbaPeider-2,46.49657402,9.931416133,2014,290,,
MuotdaBarbaPeider-2,46.49657402,9.931416133,2015,360,,
MuotdaBarbaPeider-2,46.49657402,9.931416133,2016,320,,
MuotdaBarbaPeider-2,46.49657402,9.931416133,2017,370,,
MuotdaBarbaPeider-2,46.49657402,9.931416133,2018,400,,
,,,,,,
Murtèl-Corvatsch-1,46.42853527,9.822026808,2002,340,,
Murtèl-Corvatsch-1,46.42853527,9.822026808,2003,320,,
Murtèl-Corvatsch-1,46.42853527,9.822026808,2004,290,,
Murtèl-Corvatsch-1,46.42853527,9.822026808,2005,250,,
Murtèl-Corvatsch-1,46.42853527,9.822026808,2006,250,,
Murtèl-Corvatsch-1,46.42853527,9.822026808,2007,250,,
Murtèl-Corvatsch-1,46.42853527,9.822026808,2008,250,,
Murtèl-Corvatsch-1,46.42853527,9.822026808,2009,250,,
Murtèl-Corvatsch-1,46.42853527,9.822026808,2010,240,,
Murtèl-Corvatsch-1,46.42853527,9.822026808,2011,250,,
Murtèl-Corvatsch-1,46.42853527,9.822026808,2012,240,,
Murtèl-Corvatsch-1,46.42853527,9.822026808,2013,250,,
Murtèl-Corvatsch-1,46.42853527,9.822026808,2014,250,,
Murtèl-Corvatsch-1,46.42853527,9.822026808,2015,250,,
Murtèl-Corvatsch-1,46.42853527,9.822026808,2016,250,,
Murtèl-Corvatsch-1,46.42853527,9.822026808,2017,250,,
Murtèl-Corvatsch-1,46.42853527,9.822026808,2018,250,,
Murtèl-Corvatsch-1,46.42853527,9.822026808,2019,250,,
Murtèl-Corvatsch-1,46.42853527,9.822026808,2020,250,,
Murtèl-Corvatsch-1,46.42853527,9.822026808,2021,250,,
,,,,,,
Murtèl-Corvatsch-2,46.42879113,9.82184282,1987,340,,
Murtèl-Corvatsch-2,46.42879113,9.82184282,1988,320,,
Murtèl-Corvatsch-2,46.42879113,9.82184282,1989,310,,
Murtèl-Corvatsch-2,46.42879113,9.82184282,1990,330,,
Murtèl-Corvatsch-2,46.42879113,9.82184282,1991,340,,
Murtèl-Corvatsch-2,46.42879113,9.82184282,1992,340,,
Murtèl-Corvatsch-2,46.42879113,9.82184282,1993,350,,
Murtèl-Corvatsch-2,46.42879113,9.82184282,1994,330,,
Murtèl-Corvatsch-2,46.42879113,9.82184282,1995,340,,
Murtèl-Corvatsch-2,46.42879113,9.82184282,1996,340,,
Murtèl-Corvatsch-2,46.42879113,9.82184282,1997,340,,
Murtèl-Corvatsch-2,46.42879113,9.82184282,1998,350,,
Murtèl-Corvatsch-2,46.42879113,9.82184282,1999,340,,
Murtèl-Corvatsch-2,46.42879113,9.82184282,2000,350,,
Murtèl-Corvatsch-2,46.42879113,9.82184282,2001,350,,
Murtèl-Corvatsch-2,46.42879113,9.82184282,2002,340,,
Murtèl-Corvatsch-2,46.42879113,9.82184282,2003,350,,
Murtèl-Corvatsch-2,46.42879113,9.82184282,2004,350,,
Murtèl-Corvatsch-2,46.42879113,9.82184282,2005,350,,
Murtèl-Corvatsch-2,46.42879113,9.82184282,2006,350,,
Murtèl-Corvatsch-2,46.42879113,9.82184282,2007,350,,
Murtèl-Corvatsch-2,46.42879113,9.82184282,2008,350,,
Murtèl-Corvatsch-2,46.42879113,9.82184282,2009,350,,
Murtèl-Corvatsch-2,46.42879113,9.82184282,2010,350,,
Murtèl-Corvatsch-2,46.42879113,9.82184282,2011,380,,
Murtèl-Corvatsch-2,46.42879113,9.82184282,2012,410,,
Murtèl-Corvatsch-2,46.42879113,9.82184282,2013,420,,
Murtèl-Corvatsch-2,46.42879113,9.82184282,2014,420,,
Murtèl-Corvatsch-2,46.42879113,9.82184282,2015,440,,
Murtèl-Corvatsch-2,46.42879113,9.82184282,2016,440,,
Murtèl-Corvatsch-2,46.42879113,9.82184282,2017,440,,
Murtèl-Corvatsch-2,46.42879113,9.82184282,2018,450,,
Murtèl-Corvatsch-2,46.42879113,9.82184282,2019,670,,
Murtèl-Corvatsch-2,46.42879113,9.82184282,2020,840,,
Murtèl-Corvatsch-2,46.42879113,9.82184282,2021,840,,
,,,,0,,
Murtèl-Corvatsch-3,46.42892001,9.821705313,2016,340,,
Murtèl-Corvatsch-3,46.42892001,9.821705313,2017,330,,
Murtèl-Corvatsch-3,46.42892001,9.821705313,2018,340,,
Murtèl-Corvatsch-3,46.42892001,9.821705313,2019,350,,
Murtèl-Corvatsch-3,46.42892001,9.821705313,2020,350,,
Murtèl-Corvatsch-3,46.42892001,9.821705313,2021,350,,
Murtèl-Corvatsch-3,46.42892001,9.821705313,2022,380,,
Murtèl-Corvatsch-3,46.42892001,9.821705313,2023,440,,
Murtèl-Corvatsch-3,46.42892001,9.821705313,2024,450,,
,,,,,,
Ritigraben-1,46.17448431,7.849578449,2002,390,,
Ritigraben-1,46.17448431,7.849578449,2003,400,,
Ritigraben-1,46.17448431,7.849578449,2004,400,,
Ritigraben-1,46.17448431,7.849578449,2005,390,,
Ritigraben-1,46.17448431,7.849578449,2006,380,,
Ritigraben-1,46.17448431,7.849578449,2007,350,,
Ritigraben-1,46.17448431,7.849578449,2008,380,,
Ritigraben-1,46.17448431,7.849578449,2009,370,,
Ritigraben-1,46.17448431,7.849578449,2010,340,,
Ritigraben-1,46.17448431,7.849578449,2011,340,,
Ritigraben-1,46.17448431,7.849578449,2012,350,,
Ritigraben-1,46.17448431,7.849578449,2014,320,,
Ritigraben-1,46.17448431,7.849578449,2015,370,,
Ritigraben-1,46.17448431,7.849578449,2016,370,,
Ritigraben-1,46.17448431,7.849578449,2017,370,,
Ritigraben-1,46.17448431,7.849578449,2018,390,,
Ritigraben-1,46.17448431,7.849578449,2019,400,,
Ritigraben-1,46.17448431,7.849578449,2020,480,,
Ritigraben-1,46.17448431,7.849578449,2021,400,,
Ritigraben-1,46.17448431,7.849578449,2022,400,,
Ritigraben-1,46.17448431,7.849578449,2023,530,,
Ritigraben-1,46.17448431,7.849578449,2024,560,,
,,,,,,
Schafberg-1,46.49737996,9.926307937,2005,390,,
Schafberg-1,46.49737996,9.926307937,2006,390,,
Schafberg-1,46.49737996,9.926307937,2007,400,,
Schafberg-1,46.49737996,9.926307937,2008,400,,
Schafberg-1,46.49737996,9.926307937,2009,520,,
Schafberg-1,46.49737996,9.926307937,2013,370,,
Schafberg-1,46.49737996,9.926307937,2014,380,,
Schafberg-1,46.49737996,9.926307937,2015,390,,
Schafberg-1,46.49737996,9.926307937,2016,370,,
Schafberg-1,46.49737996,9.926307937,2017,370,,
Schafberg-1,46.49737996,9.926307937,2018,390,,
Schafberg-1,46.49737996,9.926307937,2019,420,,
Schafberg-1,46.49737996,9.926307937,2020,420,,
Schafberg-1,46.49737996,9.926307937,2021,420,,
Schafberg-1,46.49737996,9.926307937,2022,440,,
Schafberg-1,46.49737996,9.926307937,2023,510,,
Schafberg-1,46.49737996,9.926307937,2024,540,,
,,,,,,
Schafberg-2,46.4987979,9.92522096,1997,320,,
Schafberg-2,46.4987979,9.92522096,1998,320,,
Schafberg-2,46.4987979,9.92522096,1999,320,,
Schafberg-2,46.4987979,9.92522096,2000,500,,
Schafberg-2,46.4987979,9.92522096,2001,500,,
Schafberg-2,46.4987979,9.92522096,2002,490,,
Schafberg-2,46.4987979,9.92522096,2003,510,,
Schafberg-2,46.4987979,9.92522096,2004,500,,
Schafberg-2,46.4987979,9.92522096,2005,500,,
Schafberg-2,46.4987979,9.92522096,2006,490,,
Schafberg-2,46.4987979,9.92522096,2007,500,,
Schafberg-2,46.4987979,9.92522096,2008,500,,
Schafberg-2,46.4987979,9.92522096,2009,510,,
Schafberg-2,46.4987979,9.92522096,2010,510,,
Schafberg-2,46.4987979,9.92522096,2011,520,,
Schafberg-2,46.4987979,9.92522096,2012,510,,
Schafberg-2,46.4987979,9.92522096,2013,510,,
Schafberg-2,46.4987979,9.92522096,2014,510,,
Schafberg-2,46.4987979,9.92522096,2015,520,,
Schafberg-2,46.4987979,9.92522096,2016,520,,
Schafberg-2,46.4987979,9.92522096,2018,510,,
Schafberg-2,46.4987979,9.92522096,2019,510,,
Schafberg-2,46.4987979,9.92522096,2020,520,,
Schafberg-2,46.4987979,9.92522096,2021,510,,
Schafberg-2,46.4987979,9.92522096,2022,520,,
Schafberg-2,46.4987979,9.92522096,2023,520,,
Schafberg-2,46.4987979,9.92522096,2024,520,,
,,,,,,
Schilthorn-1,46.55834901,7.834410238,2002,300,,
Schilthorn-1,46.55834901,7.834410238,2003,830,,
Schilthorn-1,46.55834901,7.834410238,2004,480,,
Schilthorn-1,46.55834901,7.834410238,2005,370,,
Schilthorn-1,46.55834901,7.834410238,2006,590,,
Schilthorn-1,46.55834901,7.834410238,2007,310,,
Schilthorn-1,46.55834901,7.834410238,2008,390,,
Schilthorn-1,46.55834901,7.834410238,2009,720,,
Schilthorn-1,46.55834901,7.834410238,2012,670,,
Schilthorn-1,46.55834901,7.834410238,2013,680,,
Schilthorn-1,46.55834901,7.834410238,2014,620,,
Schilthorn-1,46.55834901,7.834410238,2015,890,,
Schilthorn-1,46.55834901,7.834410238,2016,950,,
Schilthorn-1,46.55834901,7.834410238,2017,880,,
Schilthorn-1,46.55834901,7.834410238,2018,980,,
,,,,,,
Schilthorn-2,46.55829072,7.834615207,1998,440,,
Schilthorn-2,46.55829072,7.834615207,1999,440,,
Schilthorn-2,46.55829072,7.834615207,2000,490,,
Schilthorn-2,46.55829072,7.834615207,2002,450,,
Schilthorn-2,46.55829072,7.834615207,2003,860,,
Schilthorn-2,46.55829072,7.834615207,2004,480,,
Schilthorn-2,46.55829072,7.834615207,2005,480,,
Schilthorn-2,46.55829072,7.834615207,2006,480,,
Schilthorn-2,46.55829072,7.834615207,2007,460,,
Schilthorn-2,46.55829072,7.834615207,2008,500,,
Schilthorn-2,46.55829072,7.834615207,2009,700,,
Schilthorn-2,46.55829072,7.834615207,2010,670,,
Schilthorn-2,46.55829072,7.834615207,2011,670,,
Schilthorn-2,46.55829072,7.834615207,2012,680,,
Schilthorn-2,46.55829072,7.834615207,2013,740,,
Schilthorn-2,46.55829072,7.834615207,2014,480,,
Schilthorn-2,46.55829072,7.834615207,2015,990,,
Schilthorn-2,46.55829072,7.834615207,2016,670,,
Schilthorn-2,46.55829072,7.834615207,2017,920,,
Schilthorn-2,46.55829072,7.834615207,2018,1040,,
Schilthorn-2,46.55829072,7.834615207,2019,1050,,
Schilthorn-2,46.55829072,7.834615207,2020,1110,,
Schilthorn-2,46.55829072,7.834615207,2021,1220,,
Schilthorn-2,46.55829072,7.834615207,2022,1300,,
,,,,,,
Schilthorn-3,46.5583422,7.834401712,2003,300,,
Schilthorn-3,46.5583422,7.834401712,2004,330,,
Schilthorn-3,46.5583422,7.834401712,2005,230,,
Schilthorn-3,46.5583422,7.834401712,2006,130,,
Schilthorn-3,46.5583422,7.834401712,2007,120,,
Schilthorn-3,46.5583422,7.834401712,2008,190,,
Schilthorn-3,46.5583422,7.834401712,2009,300,,
Schilthorn-3,46.5583422,7.834401712,2010,290,,
Schilthorn-3,46.5583422,7.834401712,2011,270,,
Schilthorn-3,46.5583422,7.834401712,2012,320,,
Schilthorn-3,46.5583422,7.834401712,2013,320,,
Schilthorn-3,46.5583422,7.834401712,2014,290,,
Schilthorn-3,46.5583422,7.834401712,2015,360,,
Schilthorn-3,46.5583422,7.834401712,2016,370,,
Schilthorn-3,46.5583422,7.834401712,2017,380,,
,,,,,,
Schilthorn-4,46.55834602,7.83433784,2019,850,,
Schilthorn-4,46.55834602,7.83433784,2020,920,,
Schilthorn-4,46.55834602,7.83433784,2021,960,,
Schilthorn-4,46.55834602,7.83433784,2022,1180,,
Schilthorn-4,46.55834602,7.83433784,2023,1350,,
,,,,,,
Stockhorn-1,45.98678626,7.824088436,2001,320,,
Stockhorn-1,45.98678626,7.824088436,2002,290,,
Stockhorn-1,45.98678626,7.824088436,2003,430,,
Stockhorn-1,45.98678626,7.824088436,2004,370,,
Stockhorn-1,45.98678626,7.824088436,2006,320,,
Stockhorn-1,45.98678626,7.824088436,2007,320,,
Stockhorn-1,45.98678626,7.824088436,2008,330,,
Stockhorn-1,45.98678626,7.824088436,2010,330,,
Stockhorn-1,45.98678626,7.824088436,2011,400,,
Stockhorn-1,45.98678626,7.824088436,2012,370,,
Stockhorn-1,45.98678626,7.824088436,2013,340,,
Stockhorn-1,45.98678626,7.824088436,2014,330,,
Stockhorn-1,45.98678626,7.824088436,2015,380,,
Stockhorn-1,45.98678626,7.824088436,2016,390,,
Stockhorn-1,45.98678626,7.824088436,2017,390,,
Stockhorn-1,45.98678626,7.824088436,2018,480,,
Stockhorn-1,45.98678626,7.824088436,2019,480,,
Stockhorn-1,45.98678626,7.824088436,2020,490,,
Stockhorn-1,45.98678626,7.824088436,2021,440,,
Stockhorn-1,45.98678626,7.824088436,2022,520,,
Stockhorn-1,45.98678626,7.824088436,2023,520,,
Stockhorn-1,45.98678626,7.824088436,2024,580,,
,,,,,,
Stockhorn-2,45.98658212,7.824072804,2001,350,,
Stockhorn-2,45.98658212,7.824072804,2002,340,,
Stockhorn-2,45.98658212,7.824072804,2003,410,,
Stockhorn-2,45.98658212,7.824072804,2004,390,,
Stockhorn-2,45.98658212,7.824072804,2006,350,,
Stockhorn-2,45.98658212,7.824072804,2007,340,,
Stockhorn-2,45.98658212,7.824072804,2008,340,,
Stockhorn-2,45.98658212,7.824072804,2009,380,,
Stockhorn-2,45.98658212,7.824072804,2010,360,,
Stockhorn-2,45.98658212,7.824072804,2011,400,,
Stockhorn-2,45.98658212,7.824072804,2012,400,,
Stockhorn-2,45.98658212,7.824072804,2013,420,,
Stockhorn-2,45.98658212,7.824072804,2014,400,,
Stockhorn-2,45.98658212,7.824072804,2015,480,,
Stockhorn-2,45.98658212,7.824072804,2016,480,,
Stockhorn-2,45.98658212,7.824072804,2017,480,,
Stockhorn-2,45.98658212,7.824072804,2018,510,,
Stockhorn-2,45.98658212,7.824072804,2019,570,,
Stockhorn-2,45.98658212,7.824072804,2020,570,,
Stockhorn-2,45.98658212,7.824072804,2021,510,,
Stockhorn-2,45.98658212,7.824072804,2022,620,,
Stockhorn-2,45.98658212,7.824072804,2023,640,,
Stockhorn-2,45.98658212,7.824072804,2024,650,,
,,,,,,
Tsaté-1,46.10918955,7.548580165,2007,640,,
Tsaté-1,46.10918955,7.548580165,2008,660,,
Tsaté-1,46.10918955,7.548580165,2009,690,,
Tsaté-1,46.10918955,7.548580165,2010,680,,
Tsaté-1,46.10918955,7.548580165,2011,700,,
Tsaté-1,46.10918955,7.548580165,2012,770,,
Tsaté-1,46.10918955,7.548580165,2013,770,,
Tsaté-1,46.10918955,7.548580165,2014,730,,
Tsaté-1,46.10918955,7.548580165,2015,790,,
Tsaté-1,46.10918955,7.548580165,2018,740,,
Tsaté-1,46.10918955,7.548580165,2019,780,,
Tsaté-1,46.10918955,7.548580165,2020,820,,
Tsaté-1,46.10918955,7.548580165,2021,840,,
Tsaté-1,46.10918955,7.548580165,2022,950,,
Tsaté-1,46.10918955,7.548580165,2023,1340,,
Tsaté-1,46.10918955,7.548580165,2024,1560,,
,,,,,,
,,,,,,
Muragl,46.50731165,9.927515343,2001,350,,
Muragl,46.50731165,9.927515343,2002,330,,
Muragl,46.50731165,9.927515343,2003,350,,
Muragl,46.50731165,9.927515343,2004,420,,
Muragl,46.50731165,9.927515343,2005,440,,
Muragl,46.50731165,9.927515343,2006,450,,
Muragl,46.50731165,9.927515343,2007,450,,
Muragl,46.50731165,9.927515343,2009,450,,
Muragl,46.50731165,9.927515343,2010,450,,
Muragl,46.50731165,9.927515343,2011,460,,
Muragl,46.50731165,9.927515343,2012,460,,
Muragl,46.50731165,9.927515343,2013,450,,
